Topic 1,Topic 2,Topic 3,Topic 4,Topic 5,Topic 6,Topic 7,Topic 8,Topic 9,Topic 10,Topic 11,Topic 12,Topic 13,Topic 14,Topic 15,Topic 16,Topic 17,Topic 18,Topic 19,Topic 20,Topic 21,Topic 22,Topic 23,Topic 24,Topic 25,Topic 26,Topic 27,Topic 28,Topic 29,Topic 30,Topic 31,Topic 32,Topic 33,Topic 34,Topic 35,Topic 36,Topic 37,Topic 38,Topic 39,Topic 40,Topic 41,Topic 42,Topic 43,Topic 44,Topic 45,Topic 46,Topic 47,Topic 48,Topic 49,Topic 50,Topic 51,Topic 52,Topic 53,Topic 54,Topic 55,Topic 56,Topic 57,Topic 58,Topic 59,Topic 60,Topic 61,Topic 62,Topic 63,Topic 64,Topic 65,Topic 66,Topic 67,Topic 68,Topic 69,Topic 70,Topic 71,Topic 72,Topic 73,Topic 74,Topic 75,Topic 76,Topic 77,Topic 78,Topic 79,Topic 80,Topic 81,Topic 82,Topic 83,Topic 84,Topic 85,Topic 86,Topic 87,Topic 88,Topic 89,Topic 90,Topic 91,Topic 92,Topic 93,Topic 94,Topic 95,Topic 96,Topic 97,Topic 98,Topic 99,Topic 100,Topic 101,Topic 102,Topic 103,Topic 104,Topic 105,Topic 106,Topic 107,Topic 108,Topic 109,Topic 110,Topic 111,Topic 112,Topic 113,Topic 114,Topic 115,Topic 116,Topic 117,Topic 118,Topic 119,Topic 120,Topic 121,Topic 122,Topic 123,Topic 124,Topic 125,Topic 126,Topic 127,Topic 128,Topic 129,Topic 130,Topic 131,Topic 132,Topic 133,Topic 134,Topic 135,Topic 136,Topic 137,Topic 138,Topic 139,Topic 140,Topic 141,Topic 142,Topic 143,Topic 144,Topic 145,Topic 146,Topic 147,Topic 148,Topic 149,Topic 150,Topic 151,Topic 152,Topic 153,Topic 154,Topic 155,Topic 156,Topic 157,Topic 158,Topic 159,Topic 160
2267/0.04610733182161754,592/0.1594496155402671,98/0.20243558065654782,637/0.16759564225994425,16/0.14600528227137669,260/0.08865411116214975,2263/0.062338693666865196,966/0.1159966499162479,102/0.13682432432432431,1033/0.10790494665373423,1407/0.08810105084385947,253/0.0640891675374434,2623/0.12077571393502987,1816/0.0953090096798213,1788/0.1666059502125076,1353/0.048447491214931734,2139/0.03732433951658235,2088/0.05699831365935919,20/0.16746031746031745,195/0.18237433862433863,2446/0.34986728599867284,693/0.04177198350405747,459/0.19481284998526377,149/0.08155961574684498,2803/0.20444888777805548,79/0.2206829268292683,360/0.04911246314997177,216/0.15392439396507882,494/0.04313352362829052,1877/0.09612806560996767,232/0.14224656070522237,1041/0.3561530847904982,1125/0.1824476650563607,654/0.1565670414038936,2690/0.025212362190493404,867/0.2551396942540854,398/0.1283257022645712,1501/0.05721657307633935,1107/0.07474907554146856,1048/0.08591124515295132,254/0.08083288317045621,72/0.16820663586728266,169/0.04746737901982945,2039/0.07935771301280861,893/0.23602722653628608,892/0.2734419942473634,757/0.4897746967071057,1637/0.21247982786444325,2365/0.054642000685166156,1780/0.1390408754425491,2532/0.13044338875692796,1727/0.10076490296478918,731/0.2436386768447837,323/0.12260536398467432,680/0.056347150259067356,36/0.149438202247191,1848/0.08321096426823299,200/0.43759177679882527,653/0.14652261985145174,1071/0.17263002582073037,1199/0.10907839087243042,898/0.1712871287128713,1075/0.11214006656055564,308/0.07571508693213685,581/0.38181437689651565,313/0.08714813761728746,1361/0.17157300029735356,2015/0.13235117978200983,1917/0.11767213813685781,801/0.12711512200914327,372/0.13743708865660084,15/0.09736979620275213,70/0.1946932567179314,404/0.12933124197918153,744/0.24787851719517642,883/0.12532734754956978,536/0.12042018959774532,556/0.15362783810463967,1392/0.3759342301943199,449/0.11603208676985652,1576/0.30673316708229426,535/0.10506761777381483,319/0.12746831712348955,12/0.07713950762016412,1995/0.2655315232397607,342/0.13179676556729913,1397/0.16281512605042017,302/0.15625,369/0.04983765007928717,281/0.11150806538919562,473/0.1119797654633249,1189/0.10319832610969959,390/0.14161257259993168,440/0.3739263218171407,1014/0.2974910394265233,1019/0.27122865275142316,1547/0.15885578960488594,221/0.1847931637211109,1582/0.07414087715967344,532/0.18463444857496902,1150/0.41133365901319,28/0.042536635974581766,1126/0.16893894487255484,2476/0.09763214005162159,241/0.1974139227183882,414/0.5057612159843099,69/0.13995649021029732,1869/0.4469106178764247,370/0.19446308724832215,517/0.06276870163370593,794/0.08727322704782847,140/0.10133708655876143,1003/0.3572424785813907,663/0.14547715262667082,914/0.24401870015583463,824/0.164975845410628,764/0.17754651529485965,441/0.06596030443217431,1568/0.15872328134026575,1032/0.08093427485062465,2640/0.11600874669121879,155/0.41543901001767825,2593/0.142995990766614,2191/0.15756695038405646,272/0.2628925940286933,2123/0.6271132376395534,210/0.288994041359972,220/0.21006270528515975,487/0.22575399172087524,2165/0.10704142591323083,1343/0.03669628855201255,681/0.16374364858219964,1269/0.201071761416589,136/0.11217262394992587,657/0.19273984442523767,2804/0.1540785498489426,328/0.27365473094618925,490/0.3896444762586495,2926/0.13805970149253732,2481/0.28110599078341014,564/0.13681986265187532,488/0.26327471401741503,624/0.1002189875048306,11/0.08171959721146398,2245/1.0,908/0.18111289459604066,1636/0.628595600676819,1462/0.19797525309336333,2985/0.6494432071269488,144/0.33896515311510034,1329/0.5897377938517179,2345/0.4763458401305057,336/0.3119266055045872,2177/0.8196239717978848,810/0.06444307185505456,2607/0.1145374449339207,2570/0.4689655172413793,501/0.641808573106283,1763/1.0,413/0.7320589157004074
1133/0.04265198142749163,1274/0.13415621205989478,621/0.18205082950935403,678/0.1599949328604003,1771/0.12660944206008584,1168/0.0874291838922064,1408/0.05201508834623784,2077/0.10887772194304858,2694/0.13288288288288289,1577/0.0892337536372454,860/0.06251990234582316,2021/0.05938697318007663,2796/0.09966451190573603,147/0.08541644505903627,41/0.13697632058287795,203/0.03393052595195576,148/0.036031478358628445,2173/0.046374367622259695,129/0.16569664902998235,1643/0.1691468253968254,2341/0.2622760451227604,848/0.03977650658507383,2540/0.1909814323607427,919/0.07873422490111132,120/0.18095476130967258,1704/0.2013658536585366,2573/0.041585648874114034,1500/0.11832513985421257,27/0.04059625753250872,1723/0.09533948426780223,819/0.11553359155870176,396/0.2327614648630815,1037/0.15201288244766506,1435/0.1126953660542912,270/0.02485089463220676,639/0.18028465998945703,1968/0.10172008414800149,44/0.05676126878130217,1384/0.07219580912132417,2219/0.08461869883670832,695/0.07106025634729657,1320/0.1633767324653507,1313/0.033802527483817936,1326/0.06376461852608131,1411/0.16844022624868182,331/0.23777564717162034,700/0.48422876949740035,1888/0.18630087860857092,786/0.048389859540938676,1112/0.12713228194399742,2893/0.11737925574030086,2435/0.09886844933308048,1685/0.24173027989821882,514/0.11634246979074565,2862/0.038968048359240066,1202/0.12247191011235956,435/0.07518355359765051,1191/0.2698972099853157,2216/0.1305424262885438,975/0.16672814459609,463/0.0901937641388807,166/0.1363036303630363,226/0.07379539863984952,2590/0.07389231632080763,112/0.32342785392905726,2063/0.08288313903895365,1813/0.13812072554267024,522/0.10612049347227213,1905/0.09095430967100121,318/0.11066912070296266,373/0.13743708865660084,1296/0.061748824246646926,2918/0.1798208551630894,2588/0.09753315271638385,2911/0.2125949084412684,1026/0.11023818431225839,1063/0.11427107353317961,314/0.09908687068114512,427/0.20652715495764823,2089/0.07705344028923286,909/0.18820595569898782,2256/0.05974141774409273,3010/0.12584733274388446,1879/0.0731535756154748,1280/0.23423838011965026,668/0.07029160830255952,156/0.15371148459383754,225/0.11772486772486772,988/0.03360265800800423,326/0.09635162931687777,67/0.10657622441940676,2349/0.09946196383201315,644/0.12128459173214896,2960/0.2401221607176942,2461/0.19860847564832385,2431/0.2049335863377609,324/0.1360463666957497,2525/0.15430180617595649,1038/0.061894816783747864,994/0.14002478314745972,296/0.40937957987298484,2735/0.038646090001296846,753/0.13633669235328985,2112/0.07945236224890585,1243/0.18854307622913846,802/0.4942387840156901,1080/0.13601989018957836,85/0.21535692861427713,2255/0.1313758389261745,415/0.05531670965892806,2357/0.07833974711379879,907/0.08902181562280084,159/0.3558477784419207,364/0.13335405657444824,1248/0.150334586121551,2783/0.14444444444444443,84/0.12961210974456008,290/0.051708700194000895,1585/0.0841998844598498,2083/0.08075321383306173,99/0.11198066520888479,1942/0.3087802003535651,1983/0.13303365326205807,1459/0.15216940004151963,2061/0.14540519581233036,1244/0.37288676236044654,1490/0.19400630914826497,201/0.20871902060316513,2190/0.21643997634535778,799/0.10449515228674959,2430/0.036382645060115,946/0.15964595967874118,2506/0.1477166821994408,2335/0.10723109866578817,1036/0.1515413425525785,1387/0.1265525344075193,2599/0.1854370874174835,2118/0.3533762825101408,119/0.09038142620232173,974/0.15722417999457847,38/0.13074484944532488,650/0.13727164077172613,207/0.07986603117351539,1390/0.06603408210689388,,1395/0.11610486891385768,1751/0.37140439932318103,1623/0.15748031496062992,1736/0.35055679287305125,1773/0.235480464625132,2750/0.41026220614828207,640/0.3548123980424144,1665/0.20234454638124363,1447/0.1045828437132785,2298/0.06444307185505456,1741/0.10102790014684288,528/0.2738916256157635,515/0.22137404580152673,,929/0.18458163585083046
161/0.04157218442932729,2321/0.09409146094698502,1898/0.17172608542181433,224/0.12617177603242968,952/0.12578408715747771,586/0.08053896799877508,100/0.051320230295810995,286/0.09547738693467336,1825/0.11054804804804805,116/0.08511154219204656,1762/0.054346672327778366,1516/0.05590386624869383,2281/0.0846084608460846,90/0.08179980853100734,2059/0.1294474802671524,231/0.03375770493692033,1872/0.034176503653738054,766/0.042495784148397976,944/0.13324514991181657,305/0.15261243386243387,361/0.12956204379562045,2805/0.03844618863908474,60/0.17653993516062483,1021/0.06705594273874553,963/0.15371157210697325,92/0.13170731707317074,1511/0.04070752054193063,1097/0.10866248516697745,356/0.038455439264192835,2866/0.0906868543490261,1513/0.10044076399091759,1713/0.16413724843286046,562/0.13446054750402575,2737/0.10830819851933096,787/0.024489427073920114,2300/0.11649973642593568,101/0.09949263704987006,172/0.05524358779784489,31/0.06682514527205494,271/0.06764325721671693,1258/0.05475617541619604,240/0.14258714825703486,1084/0.032569608548237955,1030/0.05828847224800446,948/0.1592368900393059,106/0.18312559923298177,1847/0.025996533795493933,2725/0.15886677425138965,1679/0.047533401849948614,73/0.1101813110181311,2110/0.10748218527315914,109/0.09747771666982742,315/0.21183206106870228,1493/0.10705865016209844,2361/0.03875215889464594,1210/0.11107544141252007,2652/0.06735193343122858,2613/0.10543318649045522,2925/0.1170380373621427,1465/0.11988196237550719,2342/0.07081735025081144,1114/0.12821782178217822,792/0.06959918969758357,121/0.062114413909141894,2907/0.29475776917442714,1851/0.06440147853284049,117/0.12622658340767173,113/0.09138819020241945,264/0.08526966531656363,437/0.10722555364246275,868/0.12427409988385599,1404/0.05817801776693956,1880/0.1683285448707115,1217/0.09396834450306574,1918/0.2027690933452434,2991/0.07407407407407407,2046/0.10696899820650782,171/0.0920533070088845,383/0.2057797708021923,910/0.06993560049711897,43/0.16194807099897315,1144/0.056769207906078166,1782/0.12319481284998526,1246/0.07221570926143024,1613/0.1960423377818684,1601/0.06761747103017955,1315/0.14460784313725492,1646/0.09540343915343916,179/0.03216793777844899,80/0.08368517917072643,2178/0.09933318004138883,77/0.08376924226573008,558/0.10898530919029724,1111/0.1819049436915442,2368/0.17731393632721906,1443/0.19603889943074004,2171/0.12644895924217875,160/0.14546513886191492,76/0.05230681602430226,2517/0.09975216852540272,378/0.1792867611138251,2606/0.036830501880430556,916/0.11005730092867022,1334/0.07058691504881608,335/0.16704254999248233,,1165/0.09313166891121931,1498/0.1907618476304739,71/0.12298657718120805,565/0.05235502054074711,1270/0.06816932380428807,261/0.08180858550316679,1487/0.2869097429766886,785/0.13024557040721169,984/0.1452012100100834,2076/0.11014492753623188,1163/0.12456638284452853,815/0.050365617072078796,1427/0.07914500288850375,181/0.07803729856961795,772/0.108297847853608,1333/0.10017678255745432,242/0.09488519013485604,2722/0.1314095910317625,175/0.10701822411787515,,111/0.15036803364879076,2304/0.17124514780531502,68/0.14547604967474867,660/0.09058858094212124,1930/0.03554626241505489,1436/0.14669726274381248,658/0.14282385834109973,1534/0.10196013836270795,570/0.1198501872659176,3002/0.10607586438402149,1279/0.1832366473294659,3/0.25697924123120974,1863/0.07296849087893864,1327/0.14285714285714285,1302/0.12229265715795035,2957/0.13402765921120027,2515/0.07973721499420328,2207/0.05886909372579396,,1687/0.10674157303370786,,1140/0.1453880764904387,,1152/0.1853220696937698,,276/0.16884176182707994,1095/0.191131498470948,2489/0.06286721504112809,2886/0.05188387893761581,394/0.09985315712187959,191/0.09753694581280788,2709/0.13681738109219024,,1013/0.040896270761516765
151/0.0397365295324479,2175/0.08356940509915015,972/0.14145781856689021,1757/0.10336964783379782,1295/0.11200066028392208,541/0.07808911345888837,1368/0.04457018066309311,282/0.09108040201005026,1085/0.10153903903903903,458/0.08074684772065956,1985/0.04489969217705127,1250/0.05416231278300244,566/0.07249815890679977,1/0.08116157855547282,551/0.12774741955069824,911/0.033584883921884905,503/0.03406408094435076,539/0.03794266441821248,125/0.1318342151675485,1469/0.13508597883597884,1247/0.08128732581287326,143/0.037914061460689104,1449/0.14117300324196877,2569/0.060651723488415896,1382/0.13096725818545363,1340/0.1233170731707317,363/0.0371322837608982,1668/0.09272758094592304,1360/0.034887408816999685,2513/0.07767526220329626,269/0.08601576065179645,2323/0.14731111844275815,499/0.1252818035426731,1554/0.09350150808884014,1502/0.024308693294776793,2993/0.11649973642593568,1339/0.09875015468382625,2168/0.04795871907724996,133/0.061102306744145095,1301/0.06704006893580353,4/0.054707066738692724,1989/0.12893742125157498,1514/0.03143943285728963,1062/0.053183590124373493,749/0.14063848144952545,1198/0.138255033557047,,39/0.1253362022592792,871/0.044107571085988354,446/0.09709258663233558,1082/0.10391923990498812,721/0.08230608761615779,2798/0.1475826972010178,2213/0.09991158267020336,857/0.03594559585492228,1569/0.11075441412520064,805/0.06686245717082721,652/0.10014684287812041,1212/0.10229574611748818,1521/0.1150866838804869,33/0.06639126586013573,1434/0.11353135313531353,2284/0.06887570539719289,2989/0.055804823331463825,,2442/0.06226897924367358,552/0.11745465358311032,442/0.06479817942268536,512/0.079727137070987,86/0.1044944487324111,1938/0.08749516066589237,1747/0.05782964640306567,58/0.1561602163258408,1562/0.08769428204762583,1616/0.1817775792764627,299/0.0714552936775159,343/0.07699205739174994,709/0.08625370187561698,902/0.10787244643746886,2339/0.06869280307309908,1524/0.14053102537773213,1693/0.05394560855996433,538/0.11170055997642205,239/0.06611957796014067,818/0.14496088357109987,1100/0.06163249713485292,89/0.14145658263305322,1760/0.09209656084656084,1285/0.03171486823227365,623/0.08249431633647288,1272/0.07438491607266039,1113/0.07233597369600957,2307/0.07533310556884182,202/0.115480053445314,2348/0.12123128821421042,489/0.16781309297912714,357/0.1192197432381902,1332/0.14128957079044474,2161/0.05078792481488514,2824/0.0969640644361834,,1293/0.03592270781999741,325/0.10294408219719423,1079/0.06351700145887106,1117/0.16208089009171553,,1170/0.08525846886978142,2554/0.11097780443911218,981/0.10906040268456375,367/0.050348715009076145,996/0.06129741616272677,1240/0.07600281491907107,,1134/0.1112838047870687,722/0.11174259785498213,2418/0.07101449275362319,167/0.1173131504257332,510/0.05021638561408745,401/0.07538994800693241,1102/0.07658881042911461,1972/0.10576591092185522,2470/0.09605185621685328,2291/0.07896974851172398,307/0.11168777247249326,840/0.09848778596355176,,2724/0.14668769716088328,1640/0.15228426395939088,689/0.14444115907746896,2827/0.0818724904514739,48/0.033768949294302145,2437/0.12752007867562695,2360/0.13327120223671948,2561/0.096853895569099,2843/0.07663497551138,729/0.08895602551191675,1689/0.11782356471294259,,859/0.06633499170812604,985/0.11791813499593386,1430/0.11806656101426308,1042/0.1278811678333618,2771/0.07844905320108206,409/0.04608830364058869,,2275/0.10192616372391654,,1611/0.11839145106861643,,2438/0.1678986272439282,,,2852/0.11518858307849134,1563/0.012925969447708578,1451/0.0504426600782376,1557/0.09691629955947137,999/0.08374384236453201,,,1131/0.023503603885929175
127/0.039088651333549294,1875/0.08174828004856334,598/0.1339569361101306,1920/0.10235621991385863,1047/0.10473753714097062,1310/0.07502679528403002,2768/0.04397458804844153,1900/0.05799832495812395,353/0.08708708708708708,1345/0.06692531522793405,329/0.041078441779004354,866/0.049285963079066526,199/0.07249815890679977,1790/0.0720136155728114,377/0.10904675166970249,1262/0.03162624575148338,2160/0.03316469926925239,197/0.036340640809443506,1308/0.13015873015873017,2390/0.12086640211640212,2675/0.06685467816854679,2237/0.03698283889849674,1540/0.1329207191276157,593/0.056507816914673194,1702/0.11997000749812547,2485/0.09229268292682927,1264/0.03562692090572665,760/0.07865739955924733,2681/0.03425309229305423,9/0.06923744184212602,939/0.07880325898223588,1992/0.09963708347080172,1358/0.11513687600644122,2828/0.08445297504798464,1629/0.02277245617205856,2276/0.11544544016868741,235/0.0916965722064101,2204/0.047048110487175596,583/0.05951752069026237,696/0.06557518311072813,1186/0.05289004567107008,2329/0.12011759764804704,2874/0.030514743655604644,1600/0.05225542973825877,1267/0.11973923880740102,858/0.0728667305848514,,2845/0.08319885242962166,1256/0.043764988009592325,1838/0.09430318635339556,2054/0.09224069675376088,23/0.07345597066818382,2841/0.048982188295165395,2351/0.0820807544945476,1596/0.03572970639032815,10/0.1057784911717496,596/0.06343612334801763,2457/0.08693098384728341,194/0.10139545352239478,306/0.1117668756916267,2716/0.06550604898200059,2691/0.10412541254125413,1277/0.06482419331500507,2670/0.05286034772854739,,1089/0.060989479670173444,2260/0.11641391614629795,990/0.06084561025272488,694/0.07958502096212605,756/0.0989134952205664,2248/0.08033294618660472,63/0.05600069674272775,2203/0.10883893865134359,1729/0.07400541850848424,2447/0.15497990174184903,2840/0.06808829031051253,322/0.07571099154496541,736/0.0782329713721619,1761/0.07997010463378176,837/0.0658682634730539,13/0.12322135836878392,495/0.05335116659236142,2618/0.09858532272325375,2412/0.05838218053927315,252/0.13575701794753797,520/0.05946771934292627,1460/0.12184873949579832,845/0.08713624338624339,2399/0.030884240730952202,2222/0.07783912525711811,2355/0.06806162336169234,544/0.07226124645045584,1593/0.07020840450973694,1614/0.08856652032830693,2693/0.11827956989247312,3021/0.15998576850094876,588/0.09584943288046865,870/0.11740143717226646,287/0.05021834061135371,291/0.0768277571251549,,1231/0.03540396835689275,316/0.10057300928670224,1979/0.061272584446190104,18/0.10599909788001805,,904/0.06650782140267275,2377/0.035992801439712056,2545/0.07936241610738255,2800/0.050157638291774144,2093/0.05854865310610225,759/0.06562280084447572,,1578/0.09045694746658377,2041/0.08479237326977725,1054/0.06956521739130435,317/0.1097445600756859,1335/0.04626175197731682,258/0.07524552281917966,2966/0.054680427304001446,1999/0.09724939578777765,2881/0.07955215085444903,1957/0.07666140201676588,1458/0.08324683412912601,2096/0.09228383094222567,,2027/0.12407991587802314,257/0.14452075246342191,1840/0.1157599053814311,563/0.08059935363823328,768/0.03335075797177209,1396/0.12375020488444517,1542/0.10065237651444547,1304/0.06654587382638774,1544/0.05387496398732354,2157/0.08324941255454851,1549/0.08181636327265453,,942/0.05555555555555555,576/0.1127676877202494,1002/0.07923930269413629,811/0.10944169369984634,1849/0.061702949890506245,2001/0.04434546862896979,,1297/0.08025682182985554,,2937/0.11164229471316085,,2608/0.0723336853220697,,,1179/0.06676860346585117,,422/0.04879555281037678,1749/0.09309838472834067,1532/0.03842364532019704,,,2766/0.012691946098401755
1072/0.038656732534283554,609/0.07911776608660462,1676/0.1120720084715849,2277/0.0899417278946035,2037/0.10382964674810169,1194/0.06476802939825448,91/0.029779630732578916,2875/0.0554857621440536,941/0.08220720720720721,2997/0.06607662463627546,602/0.03789406644729859,1138/0.04615116684082202,2162/0.07159806889779888,2453/0.06361025422827359,115/0.10321797207043108,1141/0.031165389711388904,424/0.03305227655986509,1475/0.03330522765598651,2425/0.10185185185185185,1228/0.083994708994709,934/0.04678168546781686,1929/0.03671677530929892,1726/0.08222811671087533,2364/0.046901488039178756,2409/0.11797050737315672,2635/0.08702439024390243,775/0.03393338769365866,519/0.07670791659603322,1602/0.031319378369806535,2290/0.06923744184212602,1745/0.07372779484439695,,1105/0.1143317230273752,1862/0.08280778722237456,1355/0.022320621724200254,1348/0.0996309963099631,432/0.08786041331518377,1188/0.044468052815298226,843/0.05810882197569995,2036/0.06497199482981474,475/0.051220350635957375,2185/0.10982780344393112,1119/0.030206513921709647,832/0.05151290142936699,2320/0.11120697919662545,2416/0.037775647171620325,,1686/0.07190245651784113,595/0.04188078108941418,339/0.09194292457890785,1654/0.07521773555027712,2758/0.07295024969972817,7/0.04389312977099236,507/0.07331270262304745,452/0.03400259067357513,2575/0.07768860353130017,719/0.06255506607929516,,428/0.07461174881836596,3005/0.09516783474732571,2193/0.052424510671781256,476/0.09356435643564356,877/0.062074952973520475,496/0.05201906898485698,,638/0.059425646858117714,1322/0.11641391614629795,95/0.057971014492753624,1667/0.07844809209123854,2516/0.09683548061509233,1078/0.07200929152148665,406/0.05391046855948441,2358/0.09988169680581375,2747/0.07300727220875516,,1185/0.06646714054121461,1227/0.06456571867794005,1543/0.07453109575518263,1933/0.02391629297458894,698/0.05366625240085866,2127/0.07936042247322869,1087/0.049487293802942485,1316/0.06424992631889184,1515/0.05744431418522861,1440/0.023469857340082834,2264/0.05870368012224628,2002/0.12009803921568628,502/0.08349867724867725,2646/0.029222985728309295,1178/0.07524087907329219,1695/0.061623361692343066,2522/0.06830070243610821,2630/0.06627946703108985,,209/0.08707569049125026,,590/0.08463168390876231,214/0.10380656438143329,1171/0.050123409910765145,492/0.07496902106567534,,1802/0.035144598625340424,1252/0.08101165777514326,1142/0.049377174278981036,627/0.10254097128251391,,2535/0.06609344245312337,,1454/0.07634228187919463,649/0.044520875131365246,1798/0.05579989004947773,554/0.06439127375087966,,2734/0.07429281939695369,1671/0.07626730222751857,467/0.059178743961352656,2389/0.10406811731315042,782/0.046187136248321145,256/0.07221259387637204,651/0.054680427304001446,472/0.07779951663022212,,1283/0.07508200704653141,1506/0.0811708532281503,2782/0.08607987592089958,,2033/0.0958640028040659,1488/0.11316810988354732,2495/0.08574807806031934,2844/0.07854274801684458,2220/0.03293256664924203,573/0.12227503687920013,1022/0.08713886300093196,1559/0.06275737110854884,188/0.05358686257562662,1716/0.05203088284659282,781/0.07421484296859372,,987/0.05534825870646766,1328/0.10300894551368935,2330/0.07580559957739039,152/0.10841727847020659,153/0.051526471724848644,385/0.04124709527498063,,1691/0.07865168539325842,,1242/0.08492688413948256,,,,,2904/0.045871559633027525,,1007/0.04714844554251595,1795/0.08986784140969163,273/0.008866995073891626,,,2353/0.006267627702914447
1560/0.03854875283446712,2347/0.0783083771752327,2181/0.05630074126367808,2928/0.08538130225487713,3000/0.09821723341036646,2903/0.06201194304088195,237/0.0292833035537026,2598/0.05150753768844221,280/0.07657657657657657,626/0.06498545101842872,382/0.036726462159006476,2622/0.04493207941483804,170/0.0675067506750675,298/0.06329113924050633,2614/0.08172434729811778,1159/0.029840428596117286,2346/0.03220910623946037,248/0.03305227655986509,1406/0.0656084656084656,1311/0.08035714285714286,381/0.041473125414731256,1675/0.03458826659571638,1271/0.08134394341290893,2749/0.04671312864946318,1255/0.09197700574856287,951/0.07570731707317073,828/0.032804365552279995,184/0.07602983556535006,529/0.03100222010783381,982/0.06766027915779513,1591/0.06865233070655803,,1645/0.09194847020933977,234/0.05977515766383329,945/0.02186878727634195,223/0.060094886663152346,2306/0.0688033659200594,1881/0.04416451661860677,97/0.05731642894875858,1121/0.056355019388194746,6/0.050532829150910966,755/0.08945821083578329,141/0.02804890578444467,1844/0.0458511230740672,2859/0.06471095772217429,1132/0.029721955896452542,,1553/0.05074412766720459,1051/0.039825282631038024,2258/0.09054822443943783,2332/0.07244655581947744,702/0.07288703457867121,1928/0.03307888040712468,508/0.06609195402298851,2433/0.03281519861830743,1192/0.058426966292134834,362/0.05991189427312775,,1836/0.06133243304073824,742/0.07893766137956473,288/0.041310120979640014,2445/0.0924092409240924,359/0.06062798437273911,1077/0.04879416713404375,,1935/0.057861814046061985,1254/0.09411239964317573,2383/0.05473709426278596,1799/0.07368720244439707,854/0.09321379801698035,1662/0.06736353077816493,2692/0.050600940602682457,1098/0.09227649146526956,869/0.06773135605304435,,675/0.05948372615039282,2029/0.05892902895208814,1719/0.07132280355380059,,1467/0.05219749180883516,,712/0.04785257839203448,2779/0.05688181550250516,620/0.052520515826494724,,1398/0.05806698077167961,2035/0.10609243697478991,754/0.06663359788359788,444/0.028996450955221627,715/0.07026090722095918,2596/0.060933547942055646,740/0.06673143027947989,2141/0.06371711650153741,,,,2914/0.07771407204287673,2108/0.0896290541852787,1744/0.04091513195367382,739/0.07280049566294919,,2128/0.03501491375956426,243/0.08022130013831259,1175/0.04870384917517675,2439/0.0763794918057435,,185/0.0602921371594323,,29/0.0761744966442953,923/0.03811980510174835,498/0.05002748763056625,174/0.05964109781843772,,2308/0.06994093876282251,2473/0.061692180768173066,2965/0.05507246376811594,1805/0.06559444970040997,648/0.044844053126399046,2642/0.062102830733679955,1157/0.052326634075683505,457/0.07503740361376453,,2091/0.07447454744259507,2025/0.07203653726385717,2132/0.08220240403257076,,,,1980/0.04154346540508575,1800/0.0766820095974929,615/0.03251437532671197,327/0.07801999672184888,2589/0.06919850885368127,1261/0.04084994234887168,2343/0.048977239988475946,1575/0.036925142665323936,1417/0.058611722344468896,,2745/0.051824212271973466,912/0.08511791813499593,293/0.06735340729001585,2686/0.04985487450913437,1859/0.045343295117866805,585/0.03563129357087529,,2078/0.07758159443552702,,1820/0.0719910011248594,,,,,1670/0.034148827726809376,,1954/0.046119003500102944,2135/0.08869309838472834,2452/0.008866995073891626,,,
2215/0.0369290573372206,1703/0.06717927964386888,,894/0.07689384342538637,1241/0.09747441399801915,1635/0.056499770326136886,2672/0.027496525709747865,1108/0.046273031825795646,2006/0.06737987987987988,1309/0.056741028128031036,1874/0.03651417047022609,2018/0.04197143852316266,549/0.06701579248833975,2695/0.059036272736942876,1375/0.06703096539162114,758/0.02966760758108186,310/0.025801011804384485,180/0.03246205733558179,2512/0.05405643738977072,2509/0.07556216931216932,1618/0.014432647644326476,2795/0.033657044033524014,,953/0.04332265963458278,,780/0.0528780487804878,896/0.03230257793388948,2534/0.06670622139345651,135/0.030843640976847445,51/0.05662014036747891,672/0.06531320956324295,,1899/0.08438003220611916,2223/0.05840416780915821,2484/0.02132658593891198,2820/0.0316288877174486,189/0.06261601286969434,1522/0.04340567612687813,960/0.05405881317133298,255/0.04816889271865575,604/0.04945243824583804,1090/0.07748845023099538,1607/0.02763793280591801,83/0.043994802301837756,,2051/0.02703739213806328,,2894/0.04482696790389098,2821/0.03922576224734498,814/0.07928333869756464,443/0.06294536817102138,279/0.06195081863581769,2629/0.029262086513994912,851/0.06513409961685823,350/0.03281519861830743,1291/0.05248796147672552,1461/0.05775819872736172,,2196/0.0591942381273914,1137/0.07635558834378459,1225/0.03550703255630963,2279/0.08993399339933994,655/0.058602228331645204,2962/0.04627033090297252,,542/0.052317315894228035,1978/0.0728516205768659,1303/0.05054497544616122,1572/0.0670788033823634,1718/0.09006709018583388,2639/0.06097560975609756,622/0.046507577077164255,,2653/0.059746185655211746,,1405/0.05898491083676269,738/0.05495772482705611,881/0.06441263573543929,,1024/0.04925997062478816,,1882/0.04443453707831773,2847/0.05275567344532862,2587/0.04572098475967175,,426/0.05602954284986629,1151/0.04481792717086835,1746/0.06101190476190476,701/0.028694404591104734,3004/0.07015264696329977,1700/0.05001149689583812,183/0.06546106710506651,480/0.060983942603348135,,,,922/0.06674560638165275,1725/0.06331326471159449,2444/0.038067210936016706,1525/0.05018587360594796,,632/0.033847749967578784,1011/0.06816834617664493,935/0.04758164066883627,,,937/0.05490521081529058,,762/0.06812080536912751,208/0.03811980510174835,1010/0.04727872457394173,2183/0.05612244897959184,,2631/0.06621075536213863,2809/0.0558254652122101,379/0.0536231884057971,1446/0.052349416587827186,645/0.03693478585285778,1205/0.05979202772963605,2327/0.052145573058120585,2533/0.07400161123259294,,943/0.07374559591787146,876/0.06809217355200332,1939/0.059713067080263665,,,,65/0.024837374334713187,228/0.07413573597101165,1215/0.030318870883429168,2895/0.04687756105556466,2038/0.057315936626281455,1115/0.03294350189425136,2611/0.04753673292999136,1224/0.03625377643504532,2106/0.02520504100820164,,505/0.048507462686567165,,2008/0.06207078711040676,2781/0.0382448352398839,628/0.04315342006956074,560/0.03446940356312936,,1944/0.06982343499197431,,674/0.06017997750281215,,,,,2017/0.0290519877675841,,998/0.045089561457689935,352/0.08869309838472834,436/0.0049261083743842365,,,
1878/0.036281179138321996,275/0.06454876568191016,,2853/0.06840638459589561,2767/0.08534169692967976,1564/0.056193538508651046,1096/0.02729799483819734,835/0.045435510887772194,387/0.06606606606606606,376/0.055164888457807953,37/0.03417896189364186,1914/0.04040404040404041,250/0.06202438425660748,134/0.05605786618444846,1298/0.044444444444444446,497/0.02880350250590472,2546/0.025463743676222596,880/0.03170320404721754,1494/0.05008818342151675,,607/0.0036496350364963502,1422/0.03299188506052947,,2159/0.042757581465436054,,461/0.015024390243902438,1924/0.031236279244809633,1509/0.059416850313612476,1976/0.029971455756422453,110/0.05173093604605315,2851/0.06424469079738213,,,1909/0.05785577186728818,2455/0.021055485270197,1663/0.014232999472851872,2271/0.055562430392278185,285/0.03627257550462893,691/0.05080119739390738,1167/0.04558380008616975,114/0.04856848205077837,,1123/0.02763793280591801,1796/0.04241692964544273,,,,2101/0.036220190066343916,1530/0.03708461801986982,2426/0.07402639201802381,830/0.05641330166270784,2858/0.055818951893292876,,579/0.0616710875331565,1463/0.03044041450777202,1268/0.04269662921348315,2042/0.05726872246696035,,1948/0.052892189961737564,1000/0.052010328292143124,1834/0.03324481164551982,1362/0.07062706270627063,682/0.054550716249457384,1858/0.046130117779024114,,587/0.04933181688939437,1174/0.04683318465655665,574/0.05018565097616481,2095/0.05329354082285227,2024/0.08763284450513567,784/0.05516840882694541,303/0.046159205713290366,,608/0.05190360758591188,,931/0.048135677765307396,126/0.049321035101204204,1009/0.06058736426456071,,410/0.047339283696757425,,773/0.043840095110714815,1373/0.03934571175950486,844/0.0384525205158265,,1854/0.04813447090283968,684/0.004551820728291317,614/0.044642857142857144,26/0.02831684663595862,1129/0.06733788026415503,2422/0.048401931478500804,1429/0.062322522791809894,338/0.05141783395968569,,,,2972/0.04349993767917238,,1627/0.03654831972659958,708/0.039962825278810406,,973/0.0330696407729218,1066/0.06322861094645327,2931/0.045112781954887216,,,165/0.051382989744121,,2144/0.061577181208053694,292/0.03611349957007739,855/0.042468389224848815,87/0.055946516537649545,,3015/0.06403481504507305,1606/0.040792006600055,173/0.051690821256038647,2715/0.042257962787764114,371/0.03648709147888375,1092/0.059358752166377815,938/0.047256925583921784,2317/0.07054896996202095,,56/0.06074596039363382,2730/0.040274029478928795,2270/0.05661108956960062,,,,,417/0.07070805993536382,1489/0.030318870883429168,776/0.031470250778560895,337/0.05195712954333644,483/0.030143304233239993,2413/0.046384327283203686,2318/0.02853306478684122,,,1372/0.047470978441127694,,1673/0.05388272583201268,1775/0.02065904046440157,30/0.04276697153162437,2604/0.03427575522850503,,2242/0.06072766185125736,,2154/0.04133858267716536,,,,,969/0.0025484199796126403,,769/0.04303067737286391,1176/0.07665198237885462,2523/0.003940886699507389,,,
1148/0.032177950545297485,2625/0.0556454876568191,,388/0.01988852292880669,,1915/0.05068136579390599,1791/0.026900933095096287,2164/0.04522613065326633,1282/0.06174924924924925,108/0.0540737148399612,1146/0.0323744825390086,662/0.039359108324625566,154/0.05850585058505851,2490/0.048079991490266996,2736/0.03375834851244687,2793/0.028227432455786624,2810/0.025238898257448003,1632/0.026897133220910623,,,1731/0.0013271400132714001,1633/0.03073034455234801,,3020/0.03748351855339989,,,2508/0.030420874364925046,2543/0.048058993049669436,469/0.029416428797970188,2226/0.04763031306679284,1590/0.05289167891011086,,,921/0.041678091582122295,2912/0.020874751491053677,717/0.010542962572482868,2379/0.04727137730478901,2648/0.03475489452117165,1987/0.04463814051769678,1531/0.04463593278759156,1512/0.044197809752983354,,1381/0.026713243604233022,349/0.03991089660293299,,,,808/0.03012372243141474,1984/0.0341726618705036,2434/0.07037871473017916,2283/0.05482977038796516,927/0.054554649472153736,,2200/0.05798703212496316,1903/0.028605354058721933,936/0.04189406099518459,2905/0.05090553108174253,,631/0.045802385775377,2733/0.011434894872740686,1890/0.029703944132979245,,75/0.04934162928664448,142/0.045148625911385305,,804/0.04336081887972704,,1666/0.04467600910288657,1394/0.05236978611525617,2227/0.08383304636941162,2302/0.047231900890437474,2705/0.04337223480229925,,1756/0.048766576358191926,,865/0.04688863948123207,2020/0.04125032026646169,1005/0.05713228035538006,,19/0.0424810755846797,,464/0.043394263635012635,1478/0.03757736516357206,2378/0.035169988276670575,,711/0.045332993760346364,,664/0.031746031746031744,1193/0.027108661179491053,462/0.06235790841182202,434/0.04817199356173833,380/0.056867433866387686,196/0.04697642637512812,,,,779/0.04293905023058706,,2403/0.03645338902601101,1936/0.035625774473358116,,2696/0.03268058617559331,1538/0.03260225251926497,1660/0.0408483896307934,,,873/0.047860768672951415,,2536/0.05318791946308725,284/0.035444731059520396,1438/0.04123144584936778,1810/0.050844475721323015,,2477/0.06154802611128381,2718/0.02933357777981483,1015/0.050483091787439614,2354/0.021128981393882057,1420/0.03163706909416505,559/0.052281917966493355,2243/0.045989498460981354,932/0.06985844170790655,,2550/0.059288057344186615,1734/0.03612206767697737,2071/0.009305932531989143,,,,,2548/0.06914112231906767,1344/0.02895974908520648,,2149/0.005125815470643057,53/0.028825564157469938,2775/0.04407951598962835,1444/0.028197381671701913,,,1317/0.046019900497512436,,304/0.05256207078711041,2105/0.010927095782823972,930/0.040448280304006184,2459/0.03272656855151046,,2067/0.05965757089352595,,2567/0.010686164229471317,,,,,2959/0.0010193679918450561,,1845/0.039324686020177066,2920/0.06079295154185022,575/0.003940886699507389,,,
1953/0.030990173847316706,2973/0.03439902873330635,,,,1769/0.04823151125401929,312/0.025511216994242605,1486/0.04124790619765494,723/0.039602102102102105,1219/0.05322502424830262,1046/0.030676149028765524,2350/0.03918495297805643,1208/0.056951149660420586,1866/0.04744176151473248,,1752/0.028112218445763004,178/0.02473299606520517,2292/0.026222596964586845,,,2456/0.001161247511612475,2977/0.028734867633364376,,2194/0.03465812770766623,,,2731/0.030295427460327415,1027/0.04755043227665706,2338/0.027117031398667935,481/0.0454222853087296,2741/0.04941899292106318,,,1902/0.03482314230874692,1182/0.020332550153623712,,2961/0.0462814008167306,1970/0.034451358324480194,2167/0.04164465574925163,1425/0.04411891426109436,2432/0.04233168000785739,,995/0.025994040891811364,2612/0.0395396324484871,,,,,1641/0.03314491264131552,537/0.026070164145477952,1811/0.05463182897862233,1068/0.053606422656299384,,486/0.04840848806366048,416/0.028173575129533678,2065/0.03756019261637239,1732/0.04836025452765541,,146/0.043326581138870134,,2441/0.029507229271171435,,889/0.04210678628273767,1363/0.04122265844083006,,1035/0.03852715382428206,,670/0.04287938675290454,947/0.045121864563348255,,3016/0.04452187379016647,2166/0.04119491377808744,,1439/0.0474832454013974,,2443/0.04314752462900611,2900/0.04035357417371253,484/0.049358341559723594,,1370/0.040334425488645353,,1912/0.04042205379699807,54/0.03404067197170645,138/0.03446658851113716,,2856/0.04456895453966637,,1207/0.02943121693121693,599/0.026957637997432605,430/0.056728375013532534,1476/0.04805702460335709,949/0.05597070691974294,1401/0.044584899214212506,,,,1558/0.0332170011217749,,2401/0.0361685969242453,2500/0.03190830235439901,,733/0.030086888860070028,2384/0.031219126654811302,861/0.03894063517001459,,,2932/0.03574018439863255,,2140/0.02248322147651007,656/0.03420273239705742,2104/0.04109400769653656,771/0.048557353976073185,,3008/0.04631644389182468,,2514/0.04685990338164251,1958/0.020498265531378113,601/0.030965527533203998,993/0.05098209127671866,1101/0.044541010320478004,875/0.04108643111980665,,2770/0.04276515611711821,2511/0.03570687149678223,,,,,,697/0.04524532367055137,412/0.028018818609513853,,636/0.003727865796831314,1777/0.02569593147751606,2808/0.043215211754537596,2924/0.027526015441423298,,,1156/0.04187396351575456,,933/0.05150554675118859,,833/0.04031946412469406,266/0.029240898528272656,,1823/0.04173354735152488,,,,,,,,,2197/0.03891290920321186,456/0.05110132158590308,2151/0.003940886699507389,,,
2572/0.030774214447683836,1608/0.024888709024686363,,,,1365/0.04700658398407594,150/0.024915624379591026,642/0.039154103852596316,81/0.029466966966966966,1386/0.05225509214354995,2080/0.030676149028765524,389/0.03883664228491815,1617/0.05171426233532444,2268/0.045207956600361664,,123/0.02753614839564491,2380/0.02355255761663856,392/0.025885328836424956,,,2274/0.0008294625082946251,2704/0.028468804044166556,,1952/0.033527971369372765,,,774/0.028727341152857053,2683/0.045855229699949145,2560/0.026482714874722486,445/0.042189101805851274,164/0.043809269400293845,,,1901/0.03290375651220181,1653/0.02015181637448039,,1586/0.04269273604751887,1180/0.03293367734102292,1052/0.04138052474027117,2424/0.042826367944851354,1570/0.04154594116780435,,1934/0.025994040891811364,1587/0.03833302394653796,,,,,2156/0.03305926687221651,,1088/0.048693586698337295,1503/0.04835956760857197,,132/0.040377247273798995,534/0.027633851468048358,2499/0.033868378812199035,2287/0.04826235927557514,,1659/0.03015980193562908,,348/0.0287203698239402,,21/0.034727246418752716,957/0.03631519910263601,,856/0.03070798976400341,,777/0.03689064558629776,1158/0.04320329709372557,,531/0.03716608594657375,2581/0.04032398536840272,,2376/0.045486952801939255,,438/0.04102755954607806,1768/0.038047655649500384,2688/0.035538005923000986,,2172/0.03909162806462547,,2710/0.03774706494278496,791/0.03345122310639552,925/0.03141852286049238,,347/0.0443142747994397,,847/0.028935185185185185,471/0.02303103526391301,687/0.04276280177546823,2519/0.04357323522648885,268/0.05014198176655209,1895/0.041680901947386405,,,,2890/0.014832356973700611,,477/0.03445984431365103,1998/0.029120198265179677,,1016/0.02969783426274154,46/0.00948429164196799,2869/0.03523734709909101,,,2388/0.03335750543872371,,1656/0.004865771812080537,1758/0.03324734881054744,355/0.04040681693238043,1201/0.04662209711470795,,1284/0.004351880634131178,,2799/0.04009661835748792,1990/0.017975402081362345,1251/0.03089091180420833,2103/0.04997111496244945,455/0.03910917979359044,1894/0.029117274715157095,,704/0.03741951160247844,1785/0.030516919244342952,,,,,,1842/0.04397218685731075,1128/0.027809722948248825,,,813/0.02207214626914841,1491/0.04062229904926534,2896/0.027526015441423298,,,903/0.04125207296849088,,634/0.04965662968832541,,2246/0.03684142728326678,1050/0.027885360185902403,,2564/0.02247191011235955,,,,,,,,,2576/0.03891290920321186,1238/0.027900146842878122,1496/0.002955665024630542,,,
2727/0.030234315948601664,1982/0.02205584783488466,,,,2558/0.04379114990047466,334/0.02312884653563629,1950/0.038944723618090454,1742/0.00807057057057057,1249/0.0467992240543162,274/0.02897781551852245,1855/0.03779171020550331,1145/0.042958841338679325,1172/0.044037868311881716,,964/0.025001440175125296,1216/0.022878021360314783,633/0.023440134907251265,,,2968/0.0004976775049767751,2680/0.025675136357589463,,1377/0.029760783575061216,,,1281/0.02565389199021514,2113/0.027377521613832854,2315/0.025689819219790674,2555/0.04163709486633546,1620/0.03940162949111794,,,2669/0.03262955854126679,879/0.019338514368335443,,1730/0.03638163593614652,1359/0.029746547275762633,2765/0.040147913365029056,2090/0.03843171046962516,915/0.040563767617738056,,2708/0.025583067913284702,333/0.0378689437534806,,,,,2980/0.03305926687221651,,2830/0.023357086302454474,1887/0.04178519501864846,,809/0.033672266430887124,384/0.02709412780656304,64/0.03210272873194221,2755/0.04698972099853157,,2011/0.023182534323655187,,1628/0.027835152945805054,,105/0.03299088409781508,1850/0.03154795288839035,,1889/0.024736991754336083,,2060/0.035692897352976406,659/0.04235060044055994,,267/0.029423151374370887,2480/0.035446786274168265,,2933/0.04163695993155568,,1505/0.035166479610924055,1711/0.03791954906482193,419/0.032329713721618955,,3019/0.03445938312055135,,2406/0.03343736067766384,2212/0.02932508104921898,2967/0.030949589683470106,,527/0.04087609830637973,,2908/0.02199074074074074,1025/0.022577965717737673,864/0.03605066580058461,103/0.04115888710048287,2878/0.03302944253474817,817/0.030577382985992482,,,,,,1949/0.03426998291247389,1708/0.02664188351920694,,2643/0.027233821812994424,395/0.00948429164196799,2340/0.03512512624845696,,,2331/0.029420905418004767,,,1325/0.029521352823158497,2464/0.03435953820780649,2823/0.041344123856439124,,555/0.0024867889337892445,,2621/0.02753623188405797,74/0.017344686218858405,997/0.03036860170123862,1642/0.033506643558636626,2665/0.03530689842476915,2121/0.023247784555184715,,2206/0.0330458024541368,,,,,,,465/0.04279698364508863,206/0.02676424464192368,,,578/0.021907428759677154,991/0.026505329876116392,482/0.027190332326283987,,,591/0.03855721393034826,,,,1124/0.03529563313152132,924/0.027885360185902403,,278/0.0032102728731942215,,,,,,,,,2701/0.03808935556928145,1312/0.010279001468428781,,,,
1083/0.029586437749703057,1927/0.02084176446782679,,,,2466/0.04241310672178839,1829/0.021838395870557872,1764/0.03747906197654941,,1234/0.042313288069835114,2584/0.02897781551852245,2944/0.035179380006966215,895/0.03747647492021929,1759/0.039463886820551006,,447/0.024886226165101676,763/0.02265317594154019,2133/0.02251264755480607,,,,3014/0.025409072768391647,,2885/0.027877189677905444,,,1592/0.023772188421250704,,263/0.024341896606406597,2530/0.04163709486633546,2366/0.019500467476960066,,,1750/0.028516588977241568,52/0.019248147478763782,,1300/0.01942828857814627,603/0.02929124298072545,1555/0.03724247226624406,1886/0.03231365790607497,366/0.038353877130088886,,2111/0.024863865200863044,1843/0.03759049563764619,,,,,885/0.03305926687221651,,,1941/0.030785763954737973,,1094/0.025346301208370173,1884/0.02655440414507772,2266/0.01974317817014446,1122/0.04229074889867841,,1870/0.008215169930227324,,671/0.027835152945805054,,1622/0.03139921863695558,1520/0.02944475602916433,,57/0.024310491896502702,,2915/0.03329740088633369,849/0.041000497406381016,,168/0.01916376306620209,1647/0.03292109388608257,,2394/0.028803650363610437,,1781/0.03267240304277341,2114/0.03740712272610812,1357/0.023321816386969396,,1961/0.0337814936165405,,1169/0.032694308218160203,3013/0.025788387857353375,374/0.030949589683470106,,688/0.037692601553546416,,1962/0.019675925925925927,2130/0.022049384580533113,2352/0.027281584930172135,47/0.04023913543343297,421/0.03093707965924376,1091/0.026477622138708575,,,,,,2787/0.0319916460983482,2182/0.0161090458488228,,979/0.02684476721566593,59/0.0031614305473226635,2449/0.03501290539782292,,,158/0.02879933699368072,,,17/0.027419508932836532,3012/0.03394722374931281,788/0.04116819141449683,,,,2488/0.02608695652173913,,1218/0.03036860170123862,1765/0.032206816868861926,2211/0.03494477638964331,,,2684/0.016887376989430204,,,,,,,2706/0.0341788267554598,796/0.026659696811291166,,,716/0.021742711250205896,2420/0.02592912705272256,2948/0.02685464921114468,,,1437/0.02902155887230514,,,,78/0.034007471338400104,2198/0.0261425251742835,,,,,,,,,,,230/0.032736256948733784,2483/0.0005873715124816446,,,,
3009/0.0275348234531908,,,,,543/0.028938906752411574,1579/0.021838395870557872,45/0.0347571189279732,,2685/0.037221144519883606,2102/0.02897781551852245,1664/0.034831069313827935,1409/0.034203420342034205,1341/0.03840017019466014,,1573/0.024771012155078057,2597/0.022203485103991005,351/0.022428330522765598,,,,2262/0.025143009179193827,,1774/0.027123752119043134,,,330/0.023207677350561375,,913/0.024104027909927054,1273/0.03777304628972478,,,,2491/0.015080888401425829,2738/0.01915778058919212,,920/0.013117188466773915,526/0.02929124298072545,163/0.032928332452896635,1385/0.03093494183541577,524/0.03688061680498944,,1419/0.024144662488441385,244/0.034249118247633194,,,,,1789/0.03245974648852347,,,899/0.02983753713888362,,,1652/0.026122625215889466,2969/0.0040128410914927765,1945/0.03788546255506608,,1786/0.0034886338059869457,,491/0.027146650929477722,,454/0.030820431196643034,725/0.029024116657319125,,509/0.024310491896502702,,1441/0.03138100371301952,1594/0.03453421445320827,,,1626/0.03222435115833479,,906/0.02024811065164694,,1963/0.028058361391694726,2942/0.0334358186010761,1737/0.022211253701875617,,1973/0.02948819342447181,,2050/0.029424877396344182,2427/0.022251694665487768,1510/0.029542790152403284,,344/0.03590984337195976,,1655/0.017195767195767195,812/0.02197387298950389,2047/0.025332900292302694,1528/0.03184640147160267,1705/0.029816170975937827,767/0.022377861291424668,,,,,,2148/0.029428517182456808,2850/0.015179677819083023,,1581/0.026715082349889768,1871/0.002568662319699664,2374/0.03231960498260577,,,2225/0.027763389619807313,,,215/0.02722843221553454,1074/0.033534909290819134,2788/0.036418015482054894,,,,822/0.02077294685990338,,205/0.029920907327264587,2541/0.02902946273830156,1885/0.03204780010863661,,,,,,,,,,,862/0.02624150548876111,,,186/0.01795420853236699,2239/0.02592912705272256,752/0.02416918429003021,,,1683/0.02839966832504146,,,,262/0.03233286100734252,1067/0.025948876839659178,,,,,,,,,,,1951/0.03253036854025118,,,,,
2393/0.02710290465392506,,,,,2119/0.028632674934925738,1457/0.02114353782013103,3003/0.03245393634840871,,2155/0.032129000969932105,1857/0.026324169408767646,2117/0.03099965168930686,,557/0.0325497287522604,,1891/0.02459819114004263,1263/0.021079258010118045,2028/0.022175379426644184,,,,2070/0.025009977384594918,,2756/0.02448672066302505,,,1130/0.02232954901837797,,580/0.02394544877894069,2649/0.02894093525747181,,,,,2634/0.01915778058919212,,,1018/0.026407649112156626,1235/0.027909843282268004,2313/0.029297716501507972,2982/0.03638953002995629,,665/0.023939175999178053,1651/0.034156302209021716,,,,,423/0.03186022610483042,,,131/0.022188507490991844,,,346/0.02547495682210708,,1053/0.03465491923641703,,,,2299/0.027146650929477722,,1913/0.02980755317609608,2929/0.0269209197980931,,750/0.024168325277224907,,393/0.030782129596358846,1567/0.0157038300291338,,,827/0.028827730360564362,,2592/0.017253671752459718,,1058/0.027310138421249533,0/0.03061747373815014,,,983/0.02813241441645012,,1481/0.02868182493684054,1997/0.013852048334806955,1230/0.028839390386869872,,635/0.03183496752833312,,1814/0.015873015873015872,2314/0.020312617986860983,2337/0.014615134784020786,1319/0.030351805012646584,1349/0.026602899417127485,1625/0.015715749914588316,,,,,,1846/0.028194418074805393,1806/0.00929368029739777,,466/0.026066658021008948,,2529/0.030411850521826954,,,2392/0.019993784315756758,,,2249/0.022642591000286615,2792/0.03271028037383177,1697/0.034482758620689655,,,,577/0.008454106280193236,,1221/0.02969706014027757,2458/0.017186597342576545,2784/0.03204780010863661,,,,,,,,,,,2884/0.024673288029273394,,,2398/0.017789491022895735,2752/0.0025929127052722557,2956/0.023162134944612285,,,852/0.026741293532338308,,,,959/0.03207522864871828,2975/0.023818745158791635,,,,,,,,,,,2909/0.02964793082149475,,,,,
1715/0.025699168556311415,,,,,2897/0.02373296585515235,647/0.020945006948580504,838/0.032244556113902846,,2099/0.009093113482056256,521/0.02451969005413438,2807/0.03082549634273772,,1595/0.024997340708435272,,713/0.02240912494959387,1064/0.01967397414277684,2504/0.02166947723440135,,,,1919/0.023945723027803643,,1412/0.024298361273309473,,,720/0.02189048485228627,,2990/0.023469711385981605,511/0.024051730936046053,,,,,1450/0.01834447858304717,,,2995/0.023675823341933525,94/0.0275576686036274,2609/0.028005170185264973,2232/0.03280459657221431,,1739/0.02363094626528306,1943/0.033877854093187304,,,,,1707/0.03134635149023638,,,2240/0.002402174600164359,,,2/0.023316062176165803,,187/0.03308859520313265,,,,677/0.027146650929477722,,686/0.024598466213283172,1299/0.02159282108805384,,2889/0.023599658800113735,,1650/0.02922505689304108,,,,386/0.028566451837658945,,2811/0.015399971481534293,,2502/0.017583239805462027,986/0.018831667947732514,,,2423/0.02711558016043385,,157/0.028533214444939812,2637/0.0036840554081933393,2562/0.026963657678780773,,1400/0.02967018973640647,,2436/0.013888888888888888,1294/0.02001057162274409,,2034/0.022074040009197517,718/0.02279180989388731,611/0.011786812435941237,,,,,,468/0.025821150560091134,,,1712/0.025418233692128128,,1960/0.028279654359780047,,,962/0.019786594840982077,,,967/0.022451514282984617,2012/0.03202308960967565,1832/0.021287825475017595,,,,,,1266/0.028801671392329503,2996/0.008665511265164644,2056/0.031142495020822017,,,,,,,,,,,2136/0.023732357553580764,,,2671/0.01696590347553945,,2252/0.023162134944612285,,,2964/0.0236318407960199,,,,1931/0.027437846193481902,970/0.023625096824167312,,,,,,,,,,,1380/0.02800082355363393,,,,,
2838/0.024835330957779938,,,,,2142/0.0191394885928648,2777/0.02084574151280524,1624/0.020938023450586266,,,2719/0.02303364823267169,745/0.029954719609892023,,1721/0.01659397936389746,,66/0.022236303934558443,177/0.0193929173693086,2043/0.02099494097807757,,,,2728/0.023812691233204737,,2892/0.02392164249387832,,,1827/0.021702314495389827,,2537/0.020456707897240724,2802/0.016402491917041243,,,,,2010/0.01726007590818724,,,2297/0.02337228714524207,1127/0.025532664201443917,2053/0.02714347264110297,1692/0.027991946176889455,,1610/0.023014486797493065,2066/0.03332095786151847,,,,,2094/0.02852004110996917,,,,,,2069/0.023100172711571675,,918/0.02672540381791483,,,,1383/0.025179502311399628,,516/0.024309072493126898,2482/0.021031968592260235,,2757/0.022462325845891383,,2658/0.02203856749311295,,,,485/0.02621494513151019,,,,797/0.01596209003616411,,,,1830/0.02609874590441758,,321/0.026749888542131076,,1710/0.02579132473622509,,891/0.027887431554819816,,2234/0.013723544973544973,217/0.019935060031714868,,1993/0.008852609795355255,,,,,,,,612/0.02563128915891399,,,1103/0.023343275839709507,,2979/0.02356637863315004,,,2081/0.003729410545944266,,,800/0.021973822489729625,2084/0.028037383177570093,2326/0.014954257565095004,,,,,,831/0.027757051186390092,,1232/0.028969762810066992,,,,,,,,,,,1154/0.023523261892315735,,,2585/0.01548344589029814,,1868/0.016784155756965426,,,1720/0.02093698175787728,,,,1287/0.025892052041736443,2943/0.02343144848954299,,,,,,,,,,,1603/0.02388305538398188,,,,,
3023/0.024619371558147068,,,,,1183/0.01822079314040729,553/0.02074647607702998,2382/0.009422110552763818,,,1776/0.022715210699501113,2016/0.028039010797631488,,978/0.005531326454632486,,429/0.022121089924534824,2073/0.018381112984822933,397/0.020404721753794267,,,,1029/0.023679659438605827,,1337/0.02335656432473159,,,1073/0.020698739258608795,,2713/0.01950523311132255,,,,,,1195/0.016446773902042293,,,1069/0.02337228714524207,842/0.024212009156541644,1991/0.023524342955622578,2539/0.027697294111869566,,2981/0.0229117435528614,613/0.03248561351401522,,,,,2746/0.022524837273038712,,,,,,474/0.022020725388601035,,1388/0.02241801272638277,,,,2072/0.024982787449591818,,728/0.022283316452032992,1911/0.020891755468311835,,1177/0.02032982655672448,,295/0.018924422086477422,,,,2180/0.02264413865180282,,,,616/0.015587978550941513,,,,2319/0.023726132640379618,,2282/0.026601278050230347,,2147/0.02391559202813599,,2763/0.022411817139946517,,2901/0.0016534391534391533,673/0.019255455712451863,,1204/0.002069441250862267,,,,,,,,1698/0.024017467248908297,,,976/0.023213590973933343,,572/0.021546403321737177,,,,,,1996/0.02187828413107863,1034/0.027350192413413965,1479/0.014426460239268121,,,,,,400/0.027309356812416058,,219/0.026978091616874887,,,,,,,,,,,1160/0.02132775744903293,,,14/0.014495140833470598,,2134/0.012755958375293723,,,2720/0.020522388059701493,,,,2407/0.017132551848512173,2049/0.023237800154918668,,,,,,,,,,,2150/0.02388305538398188,,,,,
2938/0.02418745275888133,,,,,,2210/0.02074647607702998,,,,1136/0.022184481477550155,2472/0.02699407871821665,,,,3022/0.0213721988593813,630/0.018381112984822933,1222/0.01888701517706577,,,,439/0.022482373287215644,,2687/0.0224147673761537,,,493/0.020447845449413537,,2131/0.019108785283856646,,,,,,2475/0.01608530634375565,,,2075/0.02139930186674761,130/0.02403592181722134,2359/0.02033606204222318,1681/0.02244266561901488,,2679/0.022809000308229733,368/0.03165026916651197,,,,,341/0.022010962658444672,,,,,,2551/0.021696891191709845,,2247/0.014880078316201664,,,,783/0.02281892396970591,,1772/0.015627260888438722,1402/0.02061132922041503,,3017/0.018197327267557576,,2019/0.003713019523296203,,,,2520/0.022121581605991987,,,,8/0.008479860331712184,,,,2676/0.022822279968365156,,2228/0.02630405706642889,,1331/0.020867526377491206,,2120/0.01731822233541322,,2518/0.001488095238095238,1896/0.017820735482896626,,25/0.0012646585421936078,,,,,,,,1672/0.023922536548319728,,,405/0.022694851510828687,,1480/0.021434182471103132,,,,,,2280/0.02120951562052164,2195/0.027212754260582738,,,,,,,1391/0.026861662438442024,,1621/0.021727322107550243,,,,,,,,,,,2887/0.020700470465237847,,,2591/0.014165705814528085,,1910/0.010741859684457872,,,2627/0.018034825870646767,,,,2927/0.01365451500708489,2265/0.022463206816421378,,,,,,,,,,,2865/0.02388305538398188,,,,,
2202/0.022783716661267682,,,,,,229/0.020349414333928926,,,,2626/0.02112302303364823,2732/0.025600835945663532,,,,182/0.021084163834322253,1714/0.018100056211354694,1055/0.01829679595278246,,,,1190/0.02155115072502328,,2230/0.017705782633264267,,,900/0.019444270212632505,,1336/0.018315889628924834,,,,,,1964/0.015723838785469003,,,748/0.020792229473364697,1678/0.019985913012854375,1214/0.01981904351572598,1485/0.019839905711339194,,198/0.021678824617281413,1161/0.0315574531279005,,,,,643/0.022010962658444672,,,,,,1552/0.020401554404145077,,,,,,1043/0.021835349660666862,,24/0.014035595427579222,2552/0.0179472798653954,,1213/0.0177708274097242,,2863/0.0015570727033177626,,,,2566/0.020902281832433374,,,,1803/0.005861079935154009,,,,823/0.01717320076827477,,1955/0.024074899687917966,,1722/0.020164126611957794,,1583/0.010441869349293264,,,1937/0.01668806161745828,,1612/0.0006898137502874224,,,,,,,,2789/0.022688437440668313,,,451/0.022565166645052523,,1526/0.021434182471103132,,,,,,2465/0.02006305531670966,2814/0.023639362286970864,,,,,,,2062/0.025593195045515594,,1975/0.019192467861669383,,,,,,,,,,,2231/0.02028227914270779,,,1548/0.014000988305056828,,211/0.010741859684457872,,,2778/0.017620232172470978,,,,2334/0.012881617931212161,1106/0.02188226181254841,,,,,,,,,,,2813/0.020794729256742847,,,,,
2542/0.022783716661267682,,,,,,1738/0.019952352590827872,,,,1539/0.020910731344867848,1039/0.024730059212817835,,,,1495/0.02045048677919235,249/0.017762788083192805,2214/0.01779089376053963,,,,961/0.021019023546627644,,1770/0.017517423243548692,,,2769/0.019318823308034874,,886/0.01815731049793847,,,,,,2819/0.015723838785469003,,,1701/0.020336925178327515,2601/0.019457650994893466,2295/0.015855234812580783,1784/0.019643471001325935,,2079/0.02157608137264975,192/0.02914423612400223,,,,,2603/0.021754025351147652,,,,,,977/0.01932210708117444,,,,,,568/0.018589554440838006,,1184/0.008826508464766314,2974/0.015703869882220976,,569/0.017628660790446404,,,,,,2086/0.019508796376937816,,,,,,,,2812/0.014913569088238618,,2743/0.017536038044285926,,2580/0.017819460726846426,,,,,1657/0.016310503662312164,,2138/0.0003449068751437112,,,,,,,,726/0.02249857603949117,,,2526/0.02178705745039554,,1598/0.02087307821793289,,,,,,2594/0.01996751695805866,2527/0.023501924134139637,,,,,,,2087/0.02469780629756753,,1452/0.012674271229404309,,,,,,,,,,,50/0.02028227914270779,,,956/0.013177400757700544,,1819/0.00872776099362202,,,2987/0.011401326699834163,,,,1187/0.01120700760015458,523/0.02149496514329977,,,,,,,,,,,2559/0.019147621988882025,,,,,
2257/0.021379980563654033,,,,,,2923/0.01756998213222156,,,,2628/0.020910731344867848,2877/0.021421107628004178,,,,2478/0.020277665764156922,841/0.017762788083192805,606/0.01736930860033727,,,,724/0.019422642011440734,,1356/0.017329063853833114,,,122/0.018628865332747914,,1049/0.017998731366952108,,,,,,666/0.015633471895897342,,,1597/0.019578084686598878,1197/0.013646768797323473,1433/0.015596725549332184,547/0.018710406128762954,,1286/0.02085687866022809,358/0.01986263226285502,,,,,2610/0.021497088043850632,,,,,,890/0.018566493955094993,,,,,,212/0.014851972066489623,,2187/0.0060772681232817245,1669/0.014582164890633763,,1767/0.0154961615012795,,,,,,1824/0.016199268420135866,,,,,,,,2208/0.014574624336233194,,567/0.017387427552385197,,2501/0.016412661195779603,,,,,1442/0.015479876160990712,,,,,,,,,,789/0.021074615530662616,,,825/0.02152768771884321,,1680/0.01952642801032432,,,,,,2026/0.01939428680615267,1139/0.017729521715228146,,,,,,,218/0.02357857036263244,,2941/0.00977729494839761,,,,,,,,,,,1393/0.01986408782017773,,,1118/0.013012683248229287,,2721/0.008392077878482713,,,2184/0.009535655058043118,,,,737/0.011078191420842457,1792/0.020526723470178157,,,,,,,,,,,1959/0.017912291537986413,,,,,
2898/0.021379980563654033,,,,,,2834/0.016974389517569983,,,,96/0.020167710434136503,525/0.018112156043190525,,,,793/0.020104844749121494,3026/0.017200674536256323,2126/0.017284991568296795,,,,2316/0.017693228681654915,,2832/0.016952345074401957,,,1634/0.018628865332747914,,2760/0.017760862670472565,,,,,,550/0.015543105006325683,,,1260/0.018819244194870237,42/0.013206550449022716,1206/0.0012925463162429987,431/0.01807199332121986,,5/0.019315729990753108,2371/0.014757750139224058,,,,,888/0.02132579650565262,,,,,,2362/0.017055267702936097,,,,,,2100/0.01396675518835448,,1517/0.0056431775430473155,661/0.014441951766685363,,1155/0.013079328973557009,,,,,,2655/0.014196133077861,,,,,,,,107/0.005762060784092193,,2336/0.015455491157675732,,901/0.015474794841735053,,,,,137/0.015253341387903043,,,,,,,,,,1615/0.020599962027719763,,,1321/0.02023083906108157,,2022/0.019189765458422176,,,,,,2311/0.018916595012897677,2818/0.007146783947223749,,,,,,,646/0.02216087151171467,,2209/0.008147745790331342,,,,,,,,,,,1403/0.019654992158912702,,,1947/0.011036073134574205,,2861/0.006042296072507553,,,,,,,1696/0.010305294344969728,2899/0.020139426800929512,,,,,,,,,,,798/0.017294626312538603,,,,,
345/0.02084008206457186,,,,,,1974/0.014691284494738933,,,,1966/0.017726356013162085,1110/0.01654475792406827,,,,1566/0.019701595714038827,746/0.017088251826869027,2493/0.017116357504215852,,,,727/0.017693228681654915,,2978/0.015822188736108495,,,2074/0.018377971523552656,,55/0.017760862670472565,,,,,,513/0.015362371227182361,,,2833/0.018515707998178782,641/0.011797851734460293,,2293/0.009428866080636448,,795/0.017980067810541456,2462/0.013365509560051976,,,,,22/0.019527235354573486,,,,,,1099/0.01683937823834197,,,,,,1519/0.012884823448411527,,741/0.002315149761250181,2786/0.01430173864273696,,2507/0.012226329257890247,,,,,,1779/0.013151018986239332,,,,,,,,,,1861/0.014712438698172091,,2448/0.012895662368112544,,,,,1338/0.01517782979687382,,,,,,,,,,1856/0.019650655021834062,,,2660/0.019712099597976915,,1346/0.013017618673549546,,,,,,600/0.01652813604662272,2309/0.006871907641561297,,,,,,,1318/0.02059394120280555,,,,,,,,,,,,,594/0.018504966021955043,,,1923/0.010541920606160434,,2538/0.0030211480362537764,,,,,,,1017/0.009790029627721242,2650/0.017621998450813324,,,,,,,,,,,2503/0.017294626312538603,,,,,
320/0.02084008206457186,,,,,,2664/0.014492753623188406,,,,530/0.017620210168771893,2497/0.01637060257749913,,,,32/0.01935595368396797,533/0.01669477234401349,1906/0.01703204047217538,,,,2468/0.0174271650924571,,2479/0.015822188736108495,,,971/0.01825252461895503,,2654/0.0172058357120203,,,,,,1220/0.015181637448039038,,,1418/0.017301563211412962,,,2547/0.009085105338113245,,2846/0.01746635158738313,2085/0.0077037312047521815,,,,,2857/0.017300445357999315,,,,,,2902/0.016191709844559584,,,,,,2124/0.011016032261237336,,,2429/0.014161525518788558,,2052/0.010804663065112312,,,,,,989/0.012105904894617662,,,,,,,,,,1826/0.014712438698172091,,2505/0.012895662368112544,,,,,1147/0.014573737068640036,,,,,,,,,,770/0.015568634896525536,,,2296/0.019063675269096095,,,,,,,,2201/0.01538167574281074,,,,,,,,2367/0.01954932099686614,,,,,,,,,,,,,2678/0.017773131207527444,,,1223/0.01021248558721792,,2549/0.0023497818059751594,,,,,,,1288/0.00966121344840912,2411/0.016653756777691712,,,,,,,,,,,1766/0.01605929586164299,,,,,
2402/0.02062412266493899,,,,,,1278/0.014393488187413143,,,,1649/0.017195626791211123,1226/0.013758272378962034,,,,699/0.018664669623826256,714/0.0164699269252389,1076/0.016357504215851602,,,,2578/0.01716110150325928,,706/0.015822188736108495,,,1518/0.018127077714357398,,2801/0.01665080875356803,,,,,,500/0.015000903668895716,,,49/0.01669449081803005,,,,,375/0.01674714887496147,,,,,,2574/0.01670092497430627,,,,,,2952/0.01575993091537133,,,,,,2955/0.010327530244910003,,,2602/0.011357263039820526,,1644/0.010662496445834517,,,,,,803/0.009754398188468908,,,,,,,,,,2740/0.013672165254866994,,1448/0.012192262602579133,,,,,2286/0.01419617911349392,,,,,,,,,,82/0.014809189291816974,,,872/0.016599662819348982,,,,,,,,1116/0.01413967708034776,,,,,,,,1674/0.018057006416952695,,,,,,,,,,,,,104/0.01651855723993727,,,1466/0.008400592983034097,,,,,,,,,2344/0.009274764910472756,816/0.01646010844306739,,,,,,,,,,,2044/0.012970969734403953,,,,,
1946/0.019652305366591082,,,,,,2192/0.014194957315862617,,,,2831/0.01698333510243074,820/0.012190874259839777,,,,897/0.018664669623826256,2565/0.016020236087689713,1389/0.015935919055649242,,,,1416/0.01702806970866037,,2656/0.013938594838952722,,,584/0.01787618390516214,,1367/0.016254360926102124,,,,,,1822/0.014910536779324055,,,1265/0.01608741842464714,,,,,139/0.015822459673276484,,,,,,2004/0.01618705035971223,,,,,,3024/0.015112262521588947,,,,,,1233/0.008065309334120193,,,1688/0.010936623667975322,,1120/0.010235996588001138,,,,,,834/0.008535098414910295,,,,,,,,,,2217/0.009213850497845148,,1876/0.008440797186400938,,,,,1580/0.01366759797628936,,,,,,,,,,289/0.012056198974748434,,,2922/0.014784074698482688,,,,,,,,734/0.01413967708034776,,,,,,,,1940/0.016863154753021938,,,,,,,,,,,,,2417/0.016309461578672243,,,1584/0.008071157964091583,,,,,,,,,2170/0.007600154579415174,1699/0.016072811773818745,,,,,,,,,,,2739/0.011323862466543133,,,,,
1561/0.018140589569160998,,,,,,1574/0.013897161008536827,,,,2753/0.01698333510243074,2143/0.008533611981887844,,,,1837/0.016994066478483782,1410/0.015907813378302417,1753/0.01585160202360877,,,,685/0.01702806970866037,,1631/0.012996797890374836,,,61/0.01787618390516214,,617/0.01601649222962258,,,,,,2659/0.014639436110609073,,,1305/0.01411443314615268,,,,,2146/0.015719716428644816,,,,,,1546/0.015330592668722165,,,,,,1828/0.015112262521588947,,,,,,1200/0.007081735025081145,,,2303/0.010936623667975322,,1551/0.008103497298834235,,,,,,1994/0.003483713638738896,,,,,,,,,,2776/0.004755535740823302,,354/0.008440797186400938,,,,,710/0.013516574794230914,,,,,,,,,,1166/0.010157584962977027,,,2288/0.014265335235378032,,,,,,,,1413/0.013757523645743766,,,,,,,,1237/0.015146992986121474,,,,,,,,,,,,,518/0.015891270256142186,,,2848/0.007082852907264042,,,,,,,,,,2822/0.015879163439194422,,,,,,,,,,,1028/0.010706197241095327,,,,,
2363/0.016628873771730914,,,,,,1196/0.013897161008536827,,,,425/0.01592187665852882,2469/0.007662835249042145,,,,460/0.016936459473471974,365/0.015626756604834178,2003/0.01551433389544688,,,,1445/0.01556471996807237,,301/0.012808438500659257,,,1630/0.01756256664366807,,2762/0.015620044402156676,,,,,,690/0.014458702331465751,,,2953/0.01411443314615268,,,,,391/0.015103256960854823,,,,,,571/0.014645426515930112,,,,,,1164/0.0143566493955095,,,,,,747/0.006196518146946002,,,1527/0.009534492428491307,,408/0.00796133067955644,,,,,,,,,,,,,,,,,,2742/0.006799531066822978,,,,,2531/0.012836970474967908,,,,,,,,,,2921/0.010062654262388457,,,2415/0.014135650369601868,,,,,,,,265/0.013279831852488775,,,,,,,,1748/0.013505446948216685,,,,,,,,,,,,,730/0.015891270256142186,,,1897/0.006588700378850272,,,,,,,,,,2557/0.015104570100697134,,,,,,,,,,,1565/0.009470866790199713,,,,,
1012/0.015549076773566569,,,,,,1364/0.013400833829660513,,,,2673/0.015178855747797473,2636/0.004528039010797631,,,,1717/0.01641799642836569,2494/0.01551433389544688,1004/0.015345699831365935,,,,1852/0.014367433816682188,,1907/0.010171407044641175,,,2005/0.017437119739070438,,829/0.014272121788772598,,,,,,2698/0.014458702331465751,,,2294/0.013507360752769768,,,,,407/0.014384054248433165,,,,,,2712/0.01276121959575197,,,,,,1735/0.01273747841105354,,,,,,1426/0.0034425100816366677,,,2381/0.008553000560852496,,479/0.002985499004833665,,,,,,,,,,,,,,,,,,2579/0.0023446658851113715,,,,,2837/0.012761458883938684,,,,,,,,,,1081/0.008543763052971332,,,309/0.014005965503825704,,,,,,,,2891/0.012897678417884782,,,,,,,,62/0.010222354872407103,,,,,,,,,,,,,34/0.015682174594877155,,,2385/0.005435677812551474,,,,,,,,,,2428/0.013749031758326879,,,,,,,,,,,1807/0.0084414247477867,,,,,
2663/0.014685239175035093,,,,,,1423/0.013400833829660513,,,,1307/0.014435834837066128,2729/0.001567398119122257,,,,1289/0.01618756840831845,1149/0.015458122540753232,826/0.015261382799325464,,,,2544/0.01383530663828655,,,,,1008/0.016433544502289406,,1694/0.014113542657786235,,,,,,506/0.01337429965660582,,,732/0.01335559265442404,,,,,703/0.013253878557484845,,,,,,2970/0.010705721137375813,,,,,,2188/0.012305699481865285,,,,,,2666/0.003245795219828858,,,1523/0.006309590577678071,,1818/0.0017059994313335229,,,,,,,,,,,,,,,,,,1229/0.0016412661195779601,,,,,2714/0.012459412519821793,,,,,,,,,,2726/0.008069109550028479,,,2356/0.014005965503825704,,,,,,,,2451/0.012802140059233783,,,,,,,,247/0.00977466049843307,,,,,,,,,,,,,1808/0.015577626764244642,,,1499/0.004447372755723934,,,,,,,,,,1536/0.013168086754453912,,,,,,,,,,,2882/0.007206094296891085,,,,,
1484/0.014577259475218658,,,,,,1794/0.013301568393885249,,,,2879/0.014223543148285745,246/0.0006966213862765587,,,,954/0.015438677343164928,1605/0.015233277121978639,1456/0.014839797639123103,,,,2092/0.013436211254489823,,,,,1797/0.014865458194819043,,294/0.013479226133840786,,,,,,2674/0.013103198987890837,,,433/0.012596752162695402,,,,,2040/0.013253878557484845,,,,,,2617/0.010020554984583761,,,,,,1031/0.011873920552677029,,,,,,955/0.002852365496213239,,,1815/0.005468311833987661,,,,,,,,,,,,,,,,,,,,1956/0.0016412661195779601,,,,,2179/0.012232877746734124,,,,,,,,,,3018/0.007784317448262768,,,1986/0.012968486577616392,,,,,,,,878/0.012133371548676794,,,,,,,,2000/0.008058498731532608,,,,,,,,,,,,,2703/0.015473078933612128,,,2048/0.0037885027178389064,,,,,,,,,,582/0.009876065065840434,,,,,,,,,,,2218/0.007000205888408483,,,,,
2463/0.012741604578339272,,,,,,2963/0.012904506650784197,,,,1471/0.012100626260481901,,,,,1967/0.014977821303070453,884/0.014502529510961214,707/0.014502529510961214,,,,2189/0.013303179459890914,,,,,2836/0.01442639402872734,,2460/0.013320647002854425,,,,,,1873/0.012651364540032533,,,2030/0.012141447867658217,,,,,2510/0.013048392068221514,,,,,,1470/0.009421034600890716,,,,,,2492/0.011765975820379965,,,,,,2064/0.002360578341693715,,,2816/0.00448681996634885,,,,,,,,,,,,,,,,,,,,2697/0.0016412661195779601,,,,,227/0.012232877746734124,,,,,,,,,,2619/0.007594456047085627,,,1507/0.0125794319802879,,,,,,,,1351/0.011082449603515811,,,,,,,,1415/0.007760035815549918,,,,,,,,,,,,,683/0.015473078933612128,,,2864/0.0034590676988963927,,,,,,,,,,2391/0.009876065065840434,,,,,,,,,,,2936/0.007000205888408483,,,,,
2553/0.009610193283662671,,,,,,965/0.012606710343458408,,,,2677/0.01050843859462902,,,,,926/0.014574572267987787,821/0.014221472737492974,1545/0.012900505902192242,,,,1153/0.012371956897698549,,,,,340/0.013924606410336824,,1061/0.013241357437361243,,,,,,1162/0.012651364540032533,,,1599/0.008499013507360752,,,,,1709/0.013048392068221514,,,,,,2910/0.006594724220623501,,,,,,2632/0.011442141623488774,,,,,,1371/0.0007868594472312384,,,450/0.003925967470555244,,,,,,,,,,,,,,,,,,,,2372/0.0011723329425556857,,,,,2238/0.012081854564675677,,,,,,,,,,1812/0.007404594645908487,,,1921/0.011931007651407081,,,,,,,,40/0.010222604375656827,,,,,,,,610/0.0062677212356364725,,,,,,,,,,,,,1661/0.014427600627286983,,,283/0.0023060451325975953,,,,,,,,,,1065/0.009295120061967466,,,,,,,,,,,2145/0.006176652254478073,,,,,
2873/0.009502213583846238,,,,,,1040/0.012507444907683145,,,,2310/0.00700562572975268,,,,,548/0.013710467192810646,1352/0.01371557054525014,2397/0.012816188870151771,,,,2662/0.012238925103099641,,,,,1804/0.013736436053440382,,1893/0.012052013954963527,,,,,,204/0.012560997650460872,,,1203/0.006070723933829109,,,,,1787/0.01294564882358985,,,,,,2605/0.005995203836930456,,,,,,676/0.011118307426597583,,,,,,,,,,,,,,,,,,,,,,,,,,,,,,,,,,2984/0.012081854564675677,,,,,,,,,,1743/0.006075564837668502,,,2992/0.011412268188302425,,,,,,,,193/0.01003152765835483,,,,,,,,1684/0.0046261751977316815,,,,,,,,,,,,,2773/0.014218504966021955,,,1342/0.0023060451325975953,,,,,,,,,,1841/0.009101471727343146,,,,,,,,,,,,,,,,
2400/0.008206457186049022,,,,,,1245/0.011812586857256304,,,,3001/0.005307292219509607,,,,,2717/0.012731148107609886,2410/0.0134345137717819,1609/0.012225969645868466,,,,1173/0.011839829719302914,,,,,2860/0.013234648435049866,,332/0.011100539169045354,,,,,,1482/0.01238026387131755,,,2370/0.003945970556988921,,,,,213/0.01294564882358985,,,,,,2122/0.005995203836930456,,,,,,2764/0.010362694300518135,,,,,,,,,,,,,,,,,,,,,,,,,,,,,,,,,,1275/0.01162878501850034,,,,,,,,,,,,,453/0.011282583322526261,,,,,,,,629/0.009840450941052833,,,,,,,,,,,,,,,,,,,,,1835/0.012232096184004181,,,1428/0.001482457585241311,,,,,,,,,,2913/0.008520526723470178,,,,,,,,,,,,,,,,
2373/0.00766655868696685,,,,,,2174/0.011614055985705777,,,,,,,,,968/0.012500720087562648,1330/0.012310286677908937,863/0.012141652613827993,,,,2125/0.011839829719302914,,,,,222/0.012983754625854608,,1324/0.011021249603552172,,,,,,1537/0.012109163202602566,,,1001/0.0031871300652602822,,,,,1865/0.012226446111168191,,,,,,2971/0.005995203836930456,,,,,,418/0.00939119170984456,,,,,,,,,,,,,,,,,,,,,,,,,,,,,,,,,,1833/0.01140225024541267,,,,,,,,,,,,,2055/0.010763843859421605,,,,,,,,2568/0.009076144071844846,,,,,,,,,,,,,,,,,,,,,2723/0.011186617877679038,,,277/0.0013177400757700543,,,,,,,,,,2661/0.007552285050348567,,,,,,,,,,,,,,,,
2998/0.006802721088435374,,,,,,1648/0.01042287075640262,,,,,,,,,735/0.012039864047468173,1020/0.011860595840359752,1477/0.011382799325463743,,,,2638/0.011839829719302914,,,,,403/0.01135294486608543,,2045/0.01086267047256581,,,,,,2867/0.012109163202602566,,,790/0.002580057671877371,,,,,1086/0.011404500154114866,,,,,,2919/0.005310037684138403,,,,,,2404/0.008959412780656303,,,,,,,,,,,,,,,,,,,,,,,,,,,,,,,,,,2387/0.010496111153061994,,,,,,,,,,,,,2644/0.010504474127869277,,,,,,,,2301/0.007738607050730868,,,,,,,,,,,,,,,,,,,,,1292/0.01076842655514898,,,1839/0.0011530225662987976,,,,,,,,,,2668/0.0056158017041053445,,,,,,,,,,,,,,,,
1740/0.006370802289169636,,,,,,1864/0.01012507444907683,,,,,,,,,1257/0.011982257042456363,128/0.011748173130972456,2954/0.010286677908937605,,,,2667/0.011706797924704004,,,,,2748/0.010662986890798469,,2221/0.010307643514113543,,,,,,118/0.012109163202602566,,,2471/0.0024282895735316438,,,,,2158/0.011404500154114866,,,,,,1323/0.0028263103802672147,,,,,,1867/0.00885146804835924,,,,,,,,,,,,,,,,,,,,,,,,,,,,,,,,,,1379/0.010269576379974325,,,,,,,,,,,,,917/0.010504474127869277,,,,,,,,2278/0.007260915257475876,,,,,,,,,,,,,,,,,,,,,1988/0.010454783063251438,,,2817/0.0009883050568275408,,,,,,,,,,2325/0.0023237800154918666,,,,,,,,,,,,,,,,
2524/0.006370802289169636,,,,,,2236/0.01012507444907683,,,,,,,,,2322/0.011867043032432743,2395/0.010961214165261383,2250/0.010286677908937605,,,,2916/0.011440734335506186,,,,,2129/0.009094900583328106,,807/0.01014906438312718,,,,,,2521/0.012018796313030905,,,1135/0.002276521475185916,,,,,1793/0.011199013664851536,,,,,,1504/0.002398081534772182,,,,,,1399/0.00885146804835924,,,,,,,,,,,,,,,,,,,,,,,,,,,,,,,,,,1908/0.010194064788945103,,,,,,,,,,,,,1354/0.010374789262093113,,,,,,,,2312/0.005445686443106907,,,,,,,,,,,,,,,,,,,,,839/0.010454783063251438,,,1109/0.0009883050568275408,,,,,,,,,,,,,,,,,,,,,,,,,,
1023/0.005722924090271029,,,,,,2790/0.010025809013301568,,,,,,,,,761/0.01134857998732646,1421/0.010792580101180439,93/0.009949409780775716,,,,1821/0.01090860715711055,,,,,1497/0.008655836417236405,,1276/0.01014906438312718,,,,,,1143/0.012018796313030905,,,233/0.0018212171801487327,,,,,2949/0.010788040686324874,,,,,,2058/0.00196985268927715,,,,,,540/0.007772020725388601,,,,,,,,,,,,,,,,,,,,,,,,,,,,,,,,,,2014/0.010194064788945103,,,,,,,,,,,,,2951/0.010115419530540785,,,,,,,,245/0.0008598452278589854,,,,,,,,,,,,,,,,,,,,,1431/0.010141139571353895,,,2324/0.000823587547356284,,,,,,,,,,,,,,,,,,,,,,,,,,
2386/0.005075045891372422,,,,,,2868/0.009827278141751042,,,,,,,,,1892/0.010311653897113889,1369/0.010567734682405846,2571/0.009021922428330522,,,,2754/0.009977384594918185,,,,,2829/0.008216772251144703,,1529/0.009197589597209007,,,,,,300/0.011747695644315923,,,,,,,,2958/0.010377067707798213,,,,,,625/0.0008564576909900651,,,,,,887/0.006800518134715026,,,,,,,,,,,,,,,,,,,,,,,,,,,,,,,,,,846/0.009665483651740542,,,,,,,,,,,,,1350/0.008818570872779147,,,,,,,,,,,,,,,,,,,,,,,,,,,,,2116/0.009932043910088865,,,2815/0.0004941525284137704,,,,,,,,,,,,,,,,,,,,,,,,,,
238/0.0036713097937587733,,,,,,692/0.009827278141751042,,,,,,,,,2097/0.010138832882078461,1922/0.01045531197301855,2582/0.00851602023608769,,,,2939/0.007582812292137821,,,,,1474/0.00815404879884589,,905/0.008880431335236283,,,,,,597/0.011657328754744262,,,,,,,,743/0.008219459570533237,,,,,,605/0.0006851661527920521,,,,,,1468/0.005829015544041451,,,,,,,,,,,,,,,,,,,,,,,,,,,,,,,,,,2583/0.009665483651740542,,,,,,,,,,,,,2498/0.008688886007002983,,,,,,,,,,,,,,,,,,,,,,,,,,,,,2999/0.008991113434396236,,,2563/0.00032943501894251357,,,,,,,,,,,,,,,,,,,,,,,,,,
1604/0.0006478781988986071,,,,,,2994/0.009628747270200516,,,,,,,,,124/0.010081225877066651,162/0.01011804384485666,2487/0.008431703204047217,,,,2419/0.007449780497538912,,,,,1347/0.007150473562064856,,2600/0.008483983507770377,,,,,,1473/0.0115669618651726,,,,,,,,1706/0.007294770368848248,,,,,,1492/0.0005138746145940391,,,,,,2689/0.005073402417962004,,,,,,,,,,,,,,,,,,,,,,,,,,,,,,,,,,1044/0.009363437287623651,,,,,,,,,,,,,2153/0.006484243288808196,,,,,,,,,,,,,,,,,,,,,,,,,,,,,2888/0.008468374281233664,,,,,,,,,,,,,,,,,,,,,,,,,,,,,
2013/0.00043191879926573806,,,,,,2947/0.009231685527099465,,,,,,,,,2825/0.00904429978685408,311/0.010061832490163012,2785/0.007166947723440135,,,,2454/0.005720367167753093,,,,,1290/0.006711409395973154,,2751/0.008325404376784015,,,,,,2009/0.01147659497560094,,,,,,,,1860/0.007294770368848248,,,,,,,,,,,,2651/0.0048575129533678756,,,,,,,,,,,,,,,,,,,,,,,,,,,,,,,,,,2333/0.009287925696594427,,,,,,,,,,,,,2235/0.006354558423032032,,,,,,,,,,,,,,,,,,,,,,,,,,,,,2711/0.008154730789336121,,,,,,,,,,,,,,,,,,,,,,,,,,,,,
,,,,,,1374/0.007246376811594203,,,,,,,,,1045/0.008871478771818653,411/0.00893760539629005,853/0.006913996627318718,,,,1916/0.005055208194758547,,,,,3011/0.00664868594367434,,2826/0.008246114811290834,,,,,,2408/0.011115127417314297,,,,,,,,1556/0.006986540634953252,,,,,,,,,,,,1453/0.004641623488773748,,,,,,,,,,,,,,,,,,,,,,,,,,,,,,,,,,2835/0.009212414105565205,,,,,,,,,,,,,2486/0.006354558423032032,,,,,,,,,,,,,,,,,,,,,,,,,,,,,1535/0.007736539466806064,,,,,,,,,,,,,,,,,,,,,,,,,,,,,
,,,,,,2068/0.00714711137581894,,,,,,,,,940/0.008007373696641512,2414/0.00893760539629005,2647/0.005902192242833052,,,,3025/0.004789144605560729,,,,,1414/0.006585962491375525,,1728/0.008087535680304472,,,,,,778/0.010934393638170975,,,,,,,,1783/0.006883797390321586,,,,,,,,,,,,2305/0.0045336787564766836,,,,,,,,,,,,,,,,,,,,,,,,,,,,,,,,,,1508/0.009212414105565205,,,,,,,,,,,,,1376/0.005835818959927377,,,,,,,,,,,,,,,,,,,,,,,,,,,,,2369/0.007631991636173549,,,,,,,,,,,,,,,,,,,,,,,,,,,,,
,,,,,,2057/0.00684931506849315,,,,,,,,,1259/0.007892159686617892,420/0.008094435075885328,2163/0.0054806070826306915,,,,2876/0.003990953837967274,,,,,251/0.005896004516088566,,1472/0.00784966698382493,,,,,,2620/0.010753659859027652,,,,,,,,1809/0.006883797390321586,,,,,,,,,,,,950/0.004317789291882556,,,,,,,,,,,,,,,,,,,,,,,,,,,,,,,,,,2224/0.009212414105565205,,,,,,,,,,,,,2595/0.004798340033718065,,,,,,,,,,,,,,,,,,,,,,,,,,,,,2186/0.007213800313643492,,,,,,,,,,,,,,,,,,,,,,,,,,,,,
,,,,,,3027/0.006551518761167362,,,,,,,,,448/0.006740019586381704,2917/0.007925801011804385,2233/0.0051433389544688025,,,,2253/0.003857922043368365,,,,,2259/0.004014300947124129,,992/0.007611798287345386,,,,,,1589/0.010482559190312669,,,,,,,,1366/0.006678310901058256,,,,,,,,,,,,561/0.0038860103626943004,,,,,,,,,,,,,,,,,,,,,,,,,,,,,,,,,,2273/0.008985879332477536,,,,,,,,,,,,,1969/0.00363117624173259,,,,,,,,,,,,,,,,,,,,,,,,,,,,,2797/0.006586513329848406,,,,,,,,,,,,,,,,,,,,,,,,,,,,,
,,,,,,1059/0.006253722453841573,,,,,,,,,589/0.00040324903508266605,190/0.007138842046093311,2761/0.00463743676222597,,,,1638/0.0023945723027803643,,,,,928/0.002132597378159694,,2906/0.0070567713288931175,,,,,,2988/0.010482559190312669,,,,,,,,1658/0.00657556765642659,,,,,,,,,,,,2528/0.003562176165803109,,,,,,,,,,,,,,,,,,,,,,,,,,,,,,,,,,470/0.008985879332477536,,,,,,,,,,,,,1378/0.0020749578524186228,,,,,,,,,,,,,,,,,,,,,,,,,,,,,2839/0.006168322007318349,,,,,,,,,,,,,,,,,,,,,,,,,,,,,
,,,,,,2254/0.00585666071074052,,,,,,,,,1754/0.00040324903508266605,88/0.007138842046093311,2707/0.004384485666104553,,,,1981/0.0013303179459890914,,,,,,,2396/0.006739613066920393,,,,,,1093/0.010211458521597687,,,,,,,,2871/0.005753621699373266,,,,,,,,,,,,2375/0.003562176165803109,,,,,,,,,,,,,,,,,,,,,,,,,,,,,,,,,,1883/0.008910367741448313,,,,,,,,,,,,,145/0.0014265335235378032,,,,,,,,,,,,,,,,,,,,,,,,,,,,,2699/0.0059592263460533194,,,,,,,,,,,,,,,,,,,,,,,,,,,,,
,,,,,,1060/0.00228310502283105,,,,,,,,,,2870/0.0070264193367060145,2272/0.004384485666104553,,,,619/0.0011972861513901822,,,,,,,2935/0.006184586108468126,,,,,,2774/0.00957889029459606,,,,,,,,806/0.005034418986951608,,,,,,,,,,,,705/0.0034542314335060447,,,,,,,,,,,,,,,,,,,,,,,,,,,,,,,,,,1801/0.00709808955674696,,,,,,,,,,,,,,,,,,,,,,,,,,,,,,,,,,,,,,,,,,236/0.004495556717198118,,,,,,,,,,,,,,,,,,,,,,,,,,,,,
,,,,,,,,,,,,,,,,2251/0.0060708263069139965,2261/0.004047217537942664,,,,,,,,,,,2421/0.005312400888043134,,,,,,1181/0.00957889029459606,,,,,,,,546/0.004726189253056612,,,,,,,,,,,,1926/0.003346286701208981,,,,,,,,,,,,,,,,,,,,,,,,,,,,,,,,,,2450/0.007022577965717738,,,,,,,,,,,,,,,,,,,,,,,,,,,,,,,,,,,,,,,,,,2872/0.001359121798222687,,,,,,,,,,,,,,,,,,,,,,,,,,,,,
,,,,,,,,,,,,,,,,504/0.0054525014052838675,669/0.002866779089376054,,,,,,,,,,,2031/0.0037266095781795117,,,,,,2229/0.00957889029459606,,,,,,,,2586/0.0041097297852666186,,,,,,,,,,,,259/0.0029145077720207253,,,,,,,,,,,,,,,,,,,,,,,,,,,,,,,,,,2032/0.007022577965717738,,,,,,,,,,,,,,,,,,,,,,,,,,,,,,,,,,,,,,,,,,,,,,,,,,,,,,,,,,,,,,,,,,,,,,,
,,,,,,,,,,,,,,,,1236/0.005227655986509275,2577/0.00042158516020236085,,,,,,,,,,,297/0.0029337139232477006,,,,,,2615/0.009398156515452737,,,,,,,,1733/0.004006986540634953,,,,,,,,,,,,2289/0.0026986183074265975,,,,,,,,,,,,,,,,,,,,,,,,,,,,,,,,,,2842/0.006418485237483954,,,,,,,,,,,,,,,,,,,,,,,,,,,,,,,,,,,,,,,,,,,,,,,,,,,,,,,,,,,,,,,,,,,,,,,
,,,,,,,,,,,,,,,,2657/0.004496908375491849,,,,,,,,,,,,1904/0.002378686964795433,,,,,,2098/0.009217422736309416,,,,,,,,2930/0.004006986540634953,,,,,,,,,,,,1533/0.0025906735751295338,,,,,,,,,,,,,,,,,,,,,,,,,,,,,,,,,,1306/0.006116438873367062,,,,,,,,,,,,,,,,,,,,,,,,,,,,,,,,,,,,,,,,,,,,,,,,,,,,,,,,,,,,,,,,,,,,,,,
,,,,,,,,,,,,,,,,2176/0.004384485666104553,,,,,,,,,,,,1253/0.002378686964795433,,,,,,2880/0.009127055846737755,,,,,,,,1977/0.003082297338949964,,,,,,,,,,,,176/0.002374784110535406,,,,,,,,,,,,,,,,,,,,,,,,,,,,,,,,,,2285/0.006040927282337839,,,,,,,,,,,,,,,,,,,,,,,,,,,,,,,,,,,,,,,,,,,,,,,,,,,,,,,,,,,,,,,,,,,,,,,
,,,,,,,,,,,,,,,,399/0.00297920179876335,,,,,,,,,,,,2794/0.0017443704408499842,,,,,,1432/0.008765588288451111,,,,,,,,2645/0.0024658378711599712,,,,,,,,,,,,3006/0.002374784110535406,,,,,,,,,,,,,,,,,,,,,,,,,,,,,,,,,,1209/0.006040927282337839,,,,,,,,,,,,,,,,,,,,,,,,,,,,,,,,,,,,,,,,,,,,,,,,,,,,,,,,,,,,,,,,,,,,,,,
,,,,,,,,,,,,,,,,1464/0.002810567734682406,,,,,,,,,,,,1971/0.0004757373929590866,,,,,,1211/0.00867522139887945,,,,,,,,2616/0.002363094626528306,,,,,,,,,,,,667/0.0022668393782383418,,,,,,,,,,,,,,,,,,,,,,,,,,,,,,,,,,1006/0.005965415691308616,,,,,,,,,,,,,,,,,,,,,,,,,,,,,,,,,,,,,,,,,,,,,,,,,,,,,,,,,,,,,,,,,,,,,,,
,,,,,,,,,,,,,,,,1639/0.002810567734682406,,,,,,,,,,,,2556/0.0004757373929590866,,,,,,1755/0.007771552503162841,,,,,,,,35/0.0011301756909483202,,,,,,,,,,,,2772/0.002158894645941278,,,,,,,,,,,,,,,,,,,,,,,,,,,,,,,,,,1778/0.005738880918220947,,,,,,,,,,,,,,,,,,,,,,,,,,,,,,,,,,,,,,,,,,,,,,,,,,,,,,,,,,,,,,,,,,,,,,,
,,,,,,,,,,,,,,,,2269/0.0026981450252951096,,,,,,,,,,,,,,,,,,850/0.007319718055304536,,,,,,,,1682/0.0007192027124216583,,,,,,,,,,,,2082/0.0019430051813471502,,,,,,,,,,,,,,,,,,,,,,,,,,,,,,,,,,2700/0.005512346145133278,,,,,,,,,,,,,,,,,,,,,,,,,,,,,,,,,,,,,,,,,,,,,,,,,,,,,,,,,,,,,,,,,,,,,,,
,,,,,,,,,,,,,,,,765/0.0026981450252951096,,,,,,,,,,,,,,,,,,2107/0.007048617386589554,,,,,,,,1541/0.0007192027124216583,,,,,,,,,,,,874/0.0019430051813471502,,,,,,,,,,,,,,,,,,,,,,,,,,,,,,,,,,478/0.0046817186438118255,,,,,,,,,,,,,,,,,,,,,,,,,,,,,,,,,,,,,,,,,,,,,,,,,,,,,,,,,,,,,,,,,,,,,,,
,,,,,,,,,,,,,,,,2983/0.002304665542439573,,,,,,,,,,,,,,,,,,2780/0.006867883607446231,,,,,,,,2169/0.0006164594677899928,,,,,,,,,,,,1853/0.0019430051813471502,,,,,,,,,,,,,,,,,,,,,,,,,,,,,,,,,,1831/0.003775579551461149,,,,,,,,,,,,,,,,,,,,,,,,,,,,,,,,,,,,,,,,,,,,,,,,,,,,,,,,,,,,,,,,,,,,,,,
,,,,,,,,,,,,,,,,958/0.0019673974142776843,,,,,,,,,,,,,,,,,,2883/0.006325682270016266,,,,,,,,1070/0.0005137162231583273,,,,,,,,,,,,2115/0.0014032815198618308,,,,,,,,,,,,,,,,,,,,,,,,,,,,,,,,,,1932/0.0031714868232273655,,,,,,,,,,,,,,,,,,,,,,,,,,,,,,,,,,,,,,,,,,,,,,,,,,,,,,,,,,,,,,,,,,,,,,,
,,,,,,,,,,,,,,,,980/0.0011242270938729624,,,,,,,,,,,,,,,,,,2440/0.0062353153804446055,,,,,,,,2624/0.0004109729785266619,,,,,,,,,,,,1571/0.0014032815198618308,,,,,,,,,,,,,,,,,,,,,,,,,,,,,,,,,,1550/0.0030959752321981426,,,,,,,,,,,,,,,,,,,,,,,,,,,,,,,,,,,,,,,,,,,,,,,,,,,,,,,,,,,,,,,,,,,,,,,
,,,,,,,,,,,,,,,,2244/0.0007307476110174255,,,,,,,,,,,,,,,,,,2241/0.005964214711729622,,,,,,,,2702/0.0004109729785266619,,,,,,,,,,,,2496/0.0012953367875647669,,,,,,,,,,,,,,,,,,,,,,,,,,,,,,,,,,2405/0.0028694404591104736,,,,,,,,,,,,,,,,,,,,,,,,,,,,,,,,,,,,,,,,,,,,,,,,,,,,,,,,,,,,,,,,,,,,,,,
,,,,,,,,,,,,,,,,,,,,,,,,,,,,,,,,,,2945/0.005873847822157961,,,,,,,,1588/0.0004109729785266619,,,,,,,,,,,,2137/0.0012953367875647669,,,,,,,,,,,,,,,,,,,,,,,,,,,,,,,,,,402/0.0024163709129351356,,,,,,,,,,,,,,,,,,,,,,,,,,,,,,,,,,,,,,,,,,,,,,,,,,,,,,,,,,,,,,,,,,,,,,,
,,,,,,,,,,,,,,,,,,,,,,,,,,,,,,,,,,2328/0.004518344478583047,,,,,,,,1817/0.0004109729785266619,,,,,,,,,,,,1455/0.0012953367875647669,,,,,,,,,,,,,,,,,,,,,,,,,,,,,,,,,,1965/0.0020388129577890205,,,,,,,,,,,,,,,,,,,,,,,,,,,,,,,,,,,,,,,,,,,,,,,,,,,,,,,,,,,,,,,,,,,,,,,
,,,,,,,,,,,,,,,,,,,,,,,,,,,,,,,,,,1314/0.004427977589011386,,,,,,,,679/0.0004109729785266619,,,,,,,,,,,,2007/0.001187392055267703,,,,,,,,,,,,,,,,,,,,,,,,,,,,,,,,,,1104/0.0012836970474967907,,,,,,,,,,,,,,,,,,,,,,,,,,,,,,,,,,,,,,,,,,,,,,,,,,,,,,,,,,,,,,,,,,,,,,,
,,,,,,,,,,,,,,,,,,,,,,,,,,,,,,,,,,836/0.0042472438098680645,,,,,,,,618/0.0004109729785266619,,,,,,,,,,,,1724/0.0008635578583765112,,,,,,,,,,,,,,,,,,,,,,,,,,,,,,,,,,882/0.00045306954617533793,,,,,,,,,,,,,,,,,,,,,,,,,,,,,,,,,,,,,,,,,,,,,,,,,,,,,,,,,,,,,,,,,,,,,,,
,,,,,,,,,,,,,,,,,,,,,,,,,,,,,,,,,,2682/0.0042472438098680645,,,,,,,,,,,,,,,,,,,,2791/0.0007556131260794474,,,,,,,,,,,,,,,,,,,,,,,,,,,,,,,,,,545/0.00030204636411689195,,,,,,,,,,,,,,,,,,,,,,,,,,,,,,,,,,,,,,,,,,,,,,,,,,,,,,,,,,,,,,,,,,,,,,,
,,,,,,,,,,,,,,,,,,,,,,,,,,,,,,,,,,1690/0.0042472438098680645,,,,,,,,,,,,,,,,,,,,1619/0.0007556131260794474,,,,,,,,,,,,,,,,,,,,,,,,,,,,,,,,,,1056/0.00022653477308766896,,,,,,,,,,,,,,,,,,,,,,,,,,,,,,,,,,,,,,,,,,,,,,,,,,,,,,,,,,,,,,,,,,,,,,,
,,,,,,,,,,,,,,,,,,,,,,,,,,,,,,,,,,1424/0.004066510030724743,,,,,,,,,,,,,,,,,,,,2946/0.0006476683937823834,,,,,,,,,,,,,,,,,,,,,,,,,,,,,,,,,,,,,,,,,,,,,,,,,,,,,,,,,,,,,,,,,,,,,,,,,,,,,,,,,,,,,,,,,,,,,,,,,,,,,,,,,
,,,,,,,,,,,,,,,,,,,,,,,,,,,,,,,,,,2023/0.0036146755828664378,,,,,,,,,,,,,,,,,,,,2976/0.0006476683937823834,,,,,,,,,,,,,,,,,,,,,,,,,,,,,,,,,,,,,,,,,,,,,,,,,,,,,,,,,,,,,,,,,,,,,,,,,,,,,,,,,,,,,,,,,,,,,,,,,,,,,,,,,
,,,,,,,,,,,,,,,,,,,,,,,,,,,,,,,,,,1239/0.0034339418037231157,,,,,,,,,,,,,,,,,,,,2855/0.0005397236614853195,,,,,,,,,,,,,,,,,,,,,,,,,,,,,,,,,,,,,,,,,,,,,,,,,,,,,,,,,,,,,,,,,,,,,,,,,,,,,,,,,,,,,,,,,,,,,,,,,,,,,,,,,
,,,,,,,,,,,,,,,,,,,,,,,,,,,,,,,,,,1057/0.0022591722392915235,,,,,,,,,,,,,,,,,,,,2633/0.0003238341968911917,,,,,,,,,,,,,,,,,,,,,,,,,,,,,,,,,,,,,,,,,,,,,,,,,,,,,,,,,,,,,,,,,,,,,,,,,,,,,,,,,,,,,,,,,,,,,,,,,,,,,,,,,
,,,,,,,,,,,,,,,,,,,,,,,,,,,,,,,,,,751/0.0022591722392915235,,,,,,,,,,,,,,,,,,,,2940/0.0002158894645941278,,,,,,,,,,,,,,,,,,,,,,,,,,,,,,,,,,,,,,,,,,,,,,,,,,,,,,,,,,,,,,,,,,,,,,,,,,,,,,,,,,,,,,,,,,,,,,,,,,,,,,,,,
,,,,,,,,,,,,,,,,,,,,,,,,,,,,,,,,,,2199/0.0018977046810048797,,,,,,,,,,,,,,,,,,,,2950/0.0002158894645941278,,,,,,,,,,,,,,,,,,,,,,,,,,,,,,,,,,,,,,,,,,,,,,,,,,,,,,,,,,,,,,,,,,,,,,,,,,,,,,,,,,,,,,,,,,,,,,,,,,,,,,,,,
,,,,,,,,,,,,,,,,,,,,,,,,,,,,,,,,,,2934/0.0011747695644315922,,,,,,,,,,,,,,,,,,,,2109/0.0002158894645941278,,,,,,,,,,,,,,,,,,,,,,,,,,,,,,,,,,,,,,,,,,,,,,,,,,,,,,,,,,,,,,,,,,,,,,,,,,,,,,,,,,,,,,,,,,,,,,,,,,,,,,,,,
,,,,,,,,,,,,,,,,,,,,,,,,,,,,,,,,,,2152/0.0011747695644315922,,,,,,,,,,,,,,,,,,,,1483/0.0001079447322970639,,,,,,,,,,,,,,,,,,,,,,,,,,,,,,,,,,,,,,,,,,,,,,,,,,,,,,,,,,,,,,,,,,,,,,,,,,,,,,,,,,,,,,,,,,,,,,,,,,,,,,,,,
,,,,,,,,,,,,,,,,,,,,,,,,,,,,,,,,,,1677/0.0005422013374299657,,,,,,,,,,,,,,,,,,,,,,,,,,,,,,,,,,,,,,,,,,,,,,,,,,,,,,,,,,,,,,,,,,,,,,,,,,,,,,,,,,,,,,,,,,,,,,,,,,,,,,,,,,,,,,,,,,,,,,,,,,,,,
,,,,,,,,,,,,,,,,,,,,,,,,,,,,,,,,,,3007/0.0004518344478583047,,,,,,,,,,,,,,,,,,,,,,,,,,,,,,,,,,,,,,,,,,,,,,,,,,,,,,,,,,,,,,,,,,,,,,,,,,,,,,,,,,,,,,,,,,,,,,,,,,,,,,,,,,,,,,,,,,,,,,,,,,,,,
,,,,,,,,,,,,,,,,,,,,,,,,,,,,,,,,,,2806/0.0004518344478583047,,,,,,,,,,,,,,,,,,,,,,,,,,,,,,,,,,,,,,,,,,,,,,,,,,,,,,,,,,,,,,,,,,,,,,,,,,,,,,,,,,,,,,,,,,,,,,,,,,,,,,,,,,,,,,,,,,,,,,,,,,,,,
,,,,,,,,,,,,,,,,,,,,,,,,,,,,,,,,,,2744/0.00027110066871498283,,,,,,,,,,,,,,,,,,,,,,,,,,,,,,,,,,,,,,,,,,,,,,,,,,,,,,,,,,,,,,,,,,,,,,,,,,,,,,,,,,,,,,,,,,,,,,,,,,,,,,,,,,,,,,,,,,,,,,,,,,,,,
,,,,,,,,,,,,,,,,,,,,,,,,,,,,,,,,,,2474/0.0001807337791433219,,,,,,,,,,,,,,,,,,,,,,,,,,,,,,,,,,,,,,,,,,,,,,,,,,,,,,,,,,,,,,,,,,,,,,,,,,,,,,,,,,,,,,,,,,,,,,,,,,,,,,,,,,,,,,,,,,,,,,,,,,,,,
,,,,,,,,,,,,,,,,,,,,,,,,,,,,,,,,,,2849/0.0001807337791433219,,,,,,,,,,,,,,,,,,,,,,,,,,,,,,,,,,,,,,,,,,,,,,,,,,,,,,,,,,,,,,,,,,,,,,,,,,,,,,,,,,,,,,,,,,,,,,,,,,,,,,,,,,,,,,,,,,,,,,,,,,,,,
,,,,,,,,,,,,,,,,,,,,,,,,,,,,,,,,,,2854/0.0001807337791433219,,,,,,,,,,,,,,,,,,,,,,,,,,,,,,,,,,,,,,,,,,,,,,,,,,,,,,,,,,,,,,,,,,,,,,,,,,,,,,,,,,,,,,,,,,,,,,,,,,,,,,,,,,,,,,,,,,,,,,,,,,,,,
,,,,,,,,,,,,,,,,,,,,,,,,,,,,,,,,,,2759/9.036688957166094e-05,,,,,,,,,,,,,,,,,,,,,,,,,,,,,,,,,,,,,,,,,,,,,,,,,,,,,,,,,,,,,,,,,,,,,,,,,,,,,,,,,,,,,,,,,,,,,,,,,,,,,,,,,,,,,,,,,,,,,,,,,,,,,
