i_doc,doc,Topic 1,Topic 2,Topic 3,Topic 4,Topic 5,Topic 6,Topic 7
0,worldofwarcraft,0.2415483870967742,0.048,0.3112258064516129,0.08903225806451613,0.21083870967741936,0.07716129032258065,0.022193548387096775
1,finalfantasyvii,0.19545104086353124,0.061295296838858905,0.3126445643793369,0.0528141865844256,0.19853508095605243,0.15420200462606015,0.025057825751734774
2,theelderscrollsvskyrim,0.2197328737613098,0.05170185264971995,0.34510986643688063,0.12063765618267988,0.17190866006031882,0.07367514002585093,0.017233950883239983
3,teamfortress2,0.33575317604355714,0.030852994555353903,0.19782214156079855,0.1515426497277677,0.161978221415608,0.08212341197822141,0.039927404718693285
4,masseffect2,0.2984460694698355,0.01736745886654479,0.2783363802559415,0.18692870201096892,0.07678244972577697,0.10374771480804387,0.038391224862888484
5,falloutnewvegas,0.23038090867370353,0.015144561725562184,0.24644332262505736,0.27397888939880677,0.13033501606241396,0.07572280862781092,0.02799449288664525
6,fallout3,0.15176022835394862,0.011417697431018078,0.22978116079923883,0.28163653663177923,0.131779257849667,0.170313986679353,0.023311132254995242
7,masseffect3,0.29193468579910936,0.013854527461652647,0.2765957446808511,0.18901533894111827,0.09104403760514597,0.10044532409698169,0.03711034141514102
8,dragonageorigins,0.250499001996008,0.05089820359281437,0.3907185628742515,0.08033932135728543,0.13023952095808383,0.07684630738522955,0.020459081836327345
9,persona3,0.22997275204359674,0.05340599455040872,0.31662125340599456,0.02779291553133515,0.18692098092643053,0.1771117166212534,0.008174386920980926
10,persona5,0.3598635588402501,0.06196702671972712,0.27970437748720867,0.052870949403069925,0.1404206935758954,0.0778851620238772,0.027288231949971573
11,finalfantasyvi,0.15059897318881918,0.07016543069024529,0.3439817455790074,0.02452937820878494,0.22932116371933828,0.16657159155733028,0.014831717056474614
12,theelderscrollsivoblivion,0.16532258064516128,0.03859447004608295,0.3191244239631336,0.125,0.17684331797235023,0.1630184331797235,0.012096774193548387
13,thelegendofzeldaocarinaoftime,0.11493582263710618,0.15344224037339557,0.31505250875145857,0.047257876312718786,0.20945157526254377,0.15402567094515754,0.005834305717619603
14,dragonageii,0.2927120669056153,0.04778972520908005,0.3763440860215054,0.06989247311827956,0.10931899641577061,0.08363201911589008,0.02031063321385902
15,fallout,0.13349514563106796,0.014563106796116505,0.22269417475728157,0.30097087378640774,0.15169902912621358,0.1553398058252427,0.021237864077669904
16,chronotrigger,0.1529126213592233,0.06553398058252427,0.32402912621359226,0.04308252427184466,0.25485436893203883,0.15048543689320387,0.009101941747572815
17,metalgear,0.19282238442822383,0.025547445255474453,0.2305352798053528,0.11982968369829684,0.12226277372262774,0.20316301703163017,0.10583941605839416
18,persona4,0.33496631965707285,0.05572565829761176,0.33435394978567057,0.02449479485609308,0.15370483772198407,0.07960808328230251,0.017146356399265157
19,finalfantasyxiv,0.1913312693498452,0.0804953560371517,0.33869969040247677,0.047058823529411764,0.2501547987616099,0.08297213622291022,0.009287925696594427
20,thelegendofzeldabreathofthewild,0.15403726708074533,0.13788819875776398,0.3273291925465838,0.06770186335403727,0.2217391304347826,0.08509316770186336,0.006211180124223602
21,cityofheroes,0.10206637445209768,0.033813400125234816,0.25046963055729493,0.12398246712586099,0.25234815278647466,0.17908578584846588,0.05823418910457107
22,thelegendofzeldatwilightprincess,0.12100313479623824,0.13793103448275862,0.30532915360501567,0.05203761755485893,0.21818181818181817,0.1592476489028213,0.006269592476489028
23,leagueoflegends,0.21351863550221098,0.05053695514845231,0.26847757422615287,0.06759317751105495,0.24826279216677194,0.13455464308275428,0.017056222362602652
24,finalfantasyviii,0.1535031847133758,0.06878980891719745,0.32802547770700635,0.040127388535031845,0.23630573248407644,0.15987261146496815,0.01337579617834395
25,sonicthehedgehog,0.17360666239590006,0.04932735426008968,0.2946828955797566,0.03843689942344651,0.3068545803971813,0.12491992312620115,0.012171684817424727
26,finalfantasyx,0.17930591259640102,0.08226221079691516,0.37467866323907456,0.032133676092544985,0.22557840616966582,0.09254498714652956,0.013496143958868894
27,overwatch,0.24664879356568364,0.030160857908847184,0.17962466487935658,0.12533512064343164,0.15951742627345844,0.21514745308310992,0.0435656836461126
28,metalgearsolid,0.21409395973154363,0.024832214765100672,0.24496644295302014,0.10335570469798658,0.10134228187919463,0.21140939597315436,0.1
29,supersmashbros,0.1684931506849315,0.05958904109589041,0.276027397260274,0.05,0.3452054794520548,0.08767123287671233,0.013013698630136987
30,undertale,0.3514070006863418,0.06794783802333562,0.26835964310226496,0.04941660947151681,0.15442690459849004,0.091283459162663,0.017158544955387784
31,touhou,0.29896907216494845,0.07010309278350516,0.2309278350515464,0.05360824742268041,0.19243986254295534,0.13539518900343642,0.018556701030927835
32,talesofsymphonia,0.1507537688442211,0.06604450825556353,0.3646805455850682,0.022254127781765973,0.22972002871500358,0.15649676956209618,0.010050251256281407
33,dragonageinquisition,0.32875722543352603,0.04985549132947977,0.35621387283236994,0.06647398843930635,0.09754335260115607,0.08236994219653179,0.01878612716763006
34,mother3,0.19724437998549674,0.05946337926033358,0.28063814358230604,0.03698332124728064,0.19724437998549674,0.2131979695431472,0.015228426395939087
35,thelegendofzeldaskywardsword,0.112,0.12509090909090909,0.30763636363636365,0.03927272727272727,0.22036363636363637,0.1890909090909091,0.006545454545454545
36,kingdomofloathing,0.2955376737381127,0.043891733723482075,0.2121433796634967,0.07095830285296269,0.2033650329188003,0.15581565471836137,0.018288222384784197
37,warcraft,0.005852231163130944,0.051207022677395755,0.3701536210680322,0.07315288953913679,0.24359912216532553,0.2282370153621068,0.027798098024871983
38,blazblue,0.19390787518573552,0.048291233283803865,0.2890044576523031,0.02674591381872214,0.23699851411589895,0.19093610698365526,0.01411589895988113
39,kingdomheartsii,0.12342007434944238,0.11747211895910781,0.2483271375464684,0.023048327137546468,0.2066914498141264,0.2684014869888476,0.012639405204460967
40,fireemblemawakening,0.22288706058339566,0.1323859386686612,0.39715781600598354,0.016454749439042633,0.14360508601346297,0.07853403141361257,0.008975317875841436
41,finalfantasyxii,0.08214016578749057,0.07611152976639035,0.33911077618688773,0.03918613413715147,0.28334589299171065,0.17030896759608138,0.009796533534287867
42,fallout4,0.20045731707317074,0.011432926829268292,0.25228658536585363,0.2995426829268293,0.1486280487804878,0.0701219512195122,0.01753048780487805
43,theelderscrollsiiimorrowind,0.1561771561771562,0.04195804195804196,0.38306138306138304,0.11499611499611499,0.21445221445221446,0.07847707847707848,0.010878010878010878
44,warcraftiii,0.005443234836702955,0.045878693623639194,0.3320373250388802,0.08398133748055987,0.2682737169517885,0.2301710730948678,0.03421461897356143
45,halflife2,0.160828025477707,0.014331210191082803,0.21178343949044587,0.2802547770700637,0.10111464968152867,0.20302547770700638,0.028662420382165606
46,darksouls,0.08974358974358974,0.038461538461538464,0.3838141025641026,0.07291666666666667,0.25080128205128205,0.15384615384615385,0.010416666666666666
47,thelegendofzeldathewindwaker,0.09797570850202429,0.13522267206477734,0.28663967611336033,0.05101214574898785,0.242914979757085,0.17813765182186234,0.008097165991902834
48,finalfantasyxiii,0.10746513535684987,0.04922067268252666,0.3314191960623462,0.03609515996718622,0.24856439704675964,0.20508613617719443,0.022149302707136997
49,dwarffortress,0.1787479406919275,0.03706754530477759,0.2883031301482702,0.12932454695222406,0.1672158154859967,0.17627677100494235,0.023064250411861616
50,masseffect1,0.16169154228855723,0.02155887230514096,0.25787728026533996,0.20398009950248755,0.11442786069651742,0.208955223880597,0.03150912106135987
51,thelegendofzeldamajorasmask,0.14693534844668346,0.11586901763224182,0.31905961376994124,0.0436607892527288,0.22082283795130142,0.14609571788413098,0.007556675062972292
52,finalfantasyiv,0.10968294772922023,0.0805484147386461,0.34875749785775495,0.01456726649528706,0.28363324764353043,0.155955441302485,0.006855184233076264
53,papermariothethousandyeardoor,0.1762652705061082,0.08464223385689354,0.2591623036649215,0.027923211169284468,0.23472949389179756,0.19895287958115182,0.01832460732984293
54,theworldendswithyou,0.19352014010507881,0.05866900175131348,0.28458844133099825,0.025394045534150613,0.19176882661996497,0.23555166374781086,0.010507880910683012
55,portal2,0.27048458149779736,0.021145374449339206,0.18590308370044054,0.11365638766519824,0.10572687224669604,0.2801762114537445,0.02290748898678414
56,xenobladechronicles1,0.1166077738515901,0.06448763250883392,0.2773851590106007,0.03445229681978799,0.25176678445229683,0.24646643109540636,0.0088339222614841
57,thelegendofheroestrailsofcoldsteel,0.2242152466367713,0.03766816143497758,0.3022421524663677,0.03497757847533632,0.15515695067264573,0.22690582959641256,0.01883408071748879
58,talesoftheabyss,0.1532912533814247,0.059513074842200184,0.33363390441839497,0.020739404869251576,0.2037871956717764,0.2164111812443643,0.012623985572587917
59,grandtheftautosanandreas,0.18034265103697025,0.004508566275924256,0.14878268710550044,0.15058611361587015,0.0829576194770063,0.3056807935076646,0.12714156898106402
60,metalgearsolid3snakeeater,0.18157181571815717,0.018970189701897018,0.22673893405600723,0.12466124661246612,0.0966576332429991,0.25835591689250226,0.0930442637759711
61,devilmaycry,0.11373976342129208,0.050955414012738856,0.3184713375796178,0.056414922656960874,0.26933575978161967,0.16924476797088261,0.02183803457688808
62,megamanx,0.09927140255009108,0.039162112932604735,0.35154826958105645,0.023679417122040074,0.2795992714025501,0.18579234972677597,0.020947176684881604
63,minecraft,0.22518382352941177,0.05606617647058824,0.26286764705882354,0.10753676470588236,0.234375,0.10202205882352941,0.011948529411764705
64,pokemonsunandmoon,0.17463235294117646,0.13878676470588236,0.2849264705882353,0.02389705882352941,0.19209558823529413,0.17371323529411764,0.011948529411764705
65,superrobotwars,0.12639405204460966,0.028810408921933085,0.3104089219330855,0.06970260223048327,0.23048327137546468,0.20910780669144982,0.02509293680297398
66,thekingoffighters,0.18028169014084508,0.044131455399061034,0.3089201877934272,0.016901408450704224,0.28075117370892017,0.15211267605633802,0.016901408450704224
67,fireemblemfates,0.18685446009389672,0.13896713615023473,0.4225352112676056,0.018779342723004695,0.14460093896713616,0.07699530516431925,0.011267605633802818
68,metalgearsolid4gunsofthepatriots,0.16195856873822975,0.014124293785310734,0.2335216572504708,0.11864406779661017,0.1007532956685499,0.2749529190207156,0.096045197740113
69,tekken,0.18473138548539114,0.029217719132893498,0.26107445805843543,0.034872761545711596,0.27521206409048066,0.19227144203581528,0.022620169651272386
70,borderlands2,0.27882797731569,0.01984877126654064,0.2570888468809074,0.1937618147448015,0.1275992438563327,0.09546313799621928,0.027410207939508508
71,pokemonblackandwhite,0.13014354066985645,0.16937799043062202,0.3263157894736842,0.027751196172248804,0.19138755980861244,0.13875598086124402,0.016267942583732056
72,guiltygear,0.187015503875969,0.040697674418604654,0.30426356589147285,0.02616279069767442,0.27810077519379844,0.1501937984496124,0.013565891472868217
73,metalgearsolid2sonsofliberty,0.17745098039215687,0.0196078431372549,0.22549019607843138,0.09117647058823529,0.11176470588235295,0.2823529411764706,0.09215686274509804
74,finalfantasyix,0.153921568627451,0.10588235294117647,0.3637254901960784,0.01764705882352941,0.2607843137254902,0.09019607843137255,0.00784313725490196
75,residentevil4,0.1141732283464567,0.012795275590551181,0.24901574803149606,0.20078740157480315,0.1377952755905512,0.2529527559055118,0.03248031496062992
76,doom,0.14187192118226602,0.023645320197044337,0.23842364532019705,0.21280788177339902,0.17536945812807883,0.18817733990147784,0.019704433497536946
77,megamanbattlenetwork,0.12648221343873517,0.039525691699604744,0.29545454545454547,0.030632411067193676,0.2816205533596838,0.21146245059288538,0.014822134387351778
78,okami,0.13346613545816732,0.09661354581673307,0.301792828685259,0.03286852589641434,0.24701195219123506,0.18326693227091634,0.0049800796812749
79,finalfantasyv,0.075,0.089,0.36,0.008,0.308,0.155,0.005
80,soulseries,0.10220440881763528,0.052104208416833664,0.3106212424849699,0.03406813627254509,0.30060120240480964,0.18236472945891782,0.018036072144288578
81,modernwarfare,0.1185929648241206,0.005025125628140704,0.14472361809045226,0.23819095477386934,0.08040201005025126,0.33869346733668343,0.0743718592964824
82,pokemonxandy,0.13782696177062373,0.12877263581488935,0.2977867203219316,0.026156941649899398,0.2022132796780684,0.19014084507042253,0.01710261569416499
83,kingdomheartsiii,0.10898082744702321,0.08678102926337034,0.218970736629667,0.01917255297679112,0.20484359233097882,0.35418768920282545,0.007063572149344097
84,bayonetta,0.1484848484848485,0.051515151515151514,0.2818181818181818,0.04242424242424243,0.26161616161616164,0.19494949494949496,0.01919191919191919
85,thewitcher3wildhunt,0.22346938775510203,0.02959183673469388,0.2163265306122449,0.07653061224489796,0.10102040816326531,0.33163265306122447,0.02142857142857143
86,batmanarkhamcity,0.18775510204081633,0.00816326530612245,0.16020408163265307,0.14591836734693878,0.09897959183673469,0.3520408163265306,0.04693877551020408
87,talesofvesperia,0.13934426229508196,0.0471311475409836,0.3463114754098361,0.031762295081967214,0.25,0.17520491803278687,0.010245901639344262
88,kidicarusuprising,0.14845360824742268,0.05670103092783505,0.277319587628866,0.04845360824742268,0.20824742268041238,0.25463917525773194,0.006185567010309278
89,deusexhumanrevolution,0.1711340206185567,0.010309278350515464,0.1556701030927835,0.25463917525773194,0.06597938144329897,0.29690721649484536,0.04536082474226804
90,superpapermario,0.20330237358101136,0.07430340557275542,0.23116615067079463,0.01238390092879257,0.23219814241486067,0.23323013415892674,0.013415892672858616
91,persona2,0.23760330578512398,0.05785123966942149,0.2634297520661157,0.04338842975206612,0.19421487603305784,0.18388429752066116,0.01962809917355372
92,kingdomheartsbirthbysleep,0.09533678756476684,0.09844559585492228,0.2528497409326425,0.008290155440414507,0.22901554404145077,0.30362694300518134,0.012435233160621761
93,guildwars2,0.11514522821576763,0.03630705394190872,0.2883817427385892,0.07572614107883817,0.23236514522821577,0.237551867219917,0.014522821576763486
94,banjokazooie,0.17133956386292834,0.06542056074766354,0.2502596053997923,0.04361370716510903,0.23260643821391486,0.22637590861889928,0.010384215991692628
95,xcomenemyunknown,0.09791666666666667,0.010416666666666666,0.19583333333333333,0.240625,0.14479166666666668,0.25729166666666664,0.053125
96,chronocross,0.12943632567849686,0.0720250521920668,0.29331941544885176,0.027139874739039668,0.2536534446764092,0.21711899791231734,0.007306889352818371
97,sonicadventure2,0.12016718913270637,0.018808777429467086,0.2664576802507837,0.04179728317659352,0.25705329153605017,0.27586206896551724,0.019853709508881923
98,maxpayne,0.0010471204188481676,0.0062827225130890054,0.15078534031413612,0.2774869109947644,0.040837696335078534,0.3287958115183246,0.19476439790575917
99,deusex,0.13522012578616352,0.012578616352201259,0.21278825995807127,0.2851153039832285,0.0859538784067086,0.2190775681341719,0.049266247379454925
100,psychonauts,0.3060796645702306,0.03249475890985325,0.16981132075471697,0.0649895178197065,0.149895178197065,0.2389937106918239,0.03773584905660377
101,gearsofwar,0.07651991614255765,0.010482180293501049,0.1960167714884696,0.20964360587002095,0.12264150943396226,0.3312368972746331,0.05345911949685535
102,planescapetorment,0.22655426765015807,0.03898840885142255,0.27713382507903056,0.0737618545837724,0.18440463645943098,0.18440463645943098,0.014752370916754479
103,supersmashbrosultimate,0.12539515279241306,0.0505795574288725,0.2476290832455216,0.03582718651211802,0.30031612223393045,0.23076923076923078,0.009483667017913594
104,diabloii,0.0582010582010582,0.03492063492063492,0.34074074074074073,0.0656084656084656,0.27195767195767195,0.21798941798941798,0.010582010582010581
105,fireemblemthreehouses,0.2330508474576271,0.13241525423728814,0.3940677966101695,0.015889830508474576,0.13347457627118645,0.08050847457627118,0.01059322033898305
106,dragonquest,0.05970149253731343,0.10127931769722814,0.34968017057569295,0.014925373134328358,0.337953091684435,0.1279317697228145,0.008528784648187633
107,animalcrossing,0.2638888888888889,0.10256410256410256,0.1987179487179487,0.02564102564102564,0.23397435897435898,0.1655982905982906,0.009615384615384616
108,godofwar,0.15252416756176154,0.03329752953813104,0.23952738990332975,0.055853920515574654,0.16648764769065522,0.3447905477980666,0.007518796992481203
109,finalfantasyx2,0.12580645161290321,0.04946236559139785,0.32903225806451614,0.03333333333333333,0.26344086021505375,0.1860215053763441,0.012903225806451613
110,marathon,0.09698275862068965,0.014008620689655173,0.22413793103448276,0.22844827586206898,0.10991379310344827,0.3081896551724138,0.018318965517241378
111,civilization,0.15384615384615385,0.020585048754062838,0.2221018418201517,0.17984832069339113,0.17768147345612134,0.21018418201516792,0.035752979414951244
112,saintsrowthethird,0.1926006528835691,0.013057671381936888,0.15451577801958652,0.14363438520130578,0.09357997823721437,0.30903155603917304,0.09357997823721437
113,finalfantasytactics,0.0916030534351145,0.04907306434023991,0.2857142857142857,0.03707742639040349,0.2955288985823337,0.2268266085059978,0.014176663031624863
114,starcraft,0.13333333333333333,0.024043715846994537,0.2174863387978142,0.26994535519125684,0.16393442622950818,0.15300546448087432,0.03825136612021858
115,bloodborne,0.14709110867178923,0.031833150384193196,0.31833150384193193,0.09220636663007684,0.18331503841931943,0.21295279912184412,0.014270032930845226
116,megamanclassic,0.15367727771679474,0.029637760702524697,0.33040614709110866,0.03732162458836443,0.3040614709110867,0.12952799121844127,0.015367727771679473
117,cavestory,0.10363836824696802,0.05181918412348401,0.2866593164277839,0.04961411245865491,0.22822491730981256,0.27342888643880925,0.006615214994487321
118,sonicadventure,0.10584343991179714,0.03307607497243661,0.29988974641675853,0.037486218302094816,0.2624035281146637,0.2535832414553473,0.007717750826901874
119,grandtheftauto,0.15138121546961325,0.009944751381215469,0.13038674033149172,0.19558011049723756,0.10828729281767956,0.2022099447513812,0.2022099447513812
120,megamanzero,0.08657047724750278,0.04661487236403995,0.37846836847946724,0.021087680355160933,0.2297447280799112,0.2142064372918979,0.023307436182019976
121,fallout2,0.12806236080178174,0.008908685968819599,0.2071269487750557,0.27616926503340755,0.16369710467706014,0.19265033407572382,0.02338530066815145
122,grandtheftautoiv,0.20378619153674832,0.004454342984409799,0.14365256124721604,0.17371937639198218,0.0645879732739421,0.27728285077951004,0.13251670378619154
123,xenobladechronicles2,0.12247191011235956,0.04943820224719101,0.28876404494382024,0.028089887640449437,0.24719101123595505,0.250561797752809,0.01348314606741573
124,fategrandorder,0.3717217787913341,0.07867730900798175,0.2519954389965792,0.036488027366020526,0.17559863169897377,0.07411630558722919,0.011402508551881414
125,pokemonrubyandsapphire,0.10894495412844037,0.14908256880733944,0.30963302752293576,0.022935779816513763,0.19495412844036697,0.2018348623853211,0.01261467889908257
126,finalfantasyxv,0.11940298507462686,0.05510907003444317,0.2468427095292767,0.03903559127439724,0.2365097588978186,0.2847301951779564,0.018369690011481057
127,bioshock1,0.19560185185185186,0.016203703703703703,0.1863425925925926,0.24074074074074073,0.09375,0.2361111111111111,0.03125
128,left4dead,0.16435185185185186,0.010416666666666666,0.18287037037037038,0.2673611111111111,0.13078703703703703,0.2048611111111111,0.03935185185185185
129,goldensun,0.10672853828306264,0.06496519721577726,0.3259860788863109,0.025522041763341066,0.3167053364269142,0.1531322505800464,0.0069605568445475635
130,splatoon,0.18699186991869918,0.059233449477351915,0.2497096399535424,0.07665505226480836,0.23344947735191637,0.18118466898954705,0.012775842044134728
131,metalgearrisingrevengeance,0.13953488372093023,0.019767441860465116,0.2186046511627907,0.09186046511627907,0.15813953488372093,0.30348837209302326,0.0686046511627907
132,genshinimpact,0.13317757009345793,0.052570093457943924,0.25817757009345793,0.03154205607476635,0.2885514018691589,0.23014018691588786,0.005841121495327103
133,samuraishodown,0.1308411214953271,0.0455607476635514,0.29789719626168226,0.028037383177570093,0.26401869158878505,0.21261682242990654,0.02102803738317757
134,baldursgate,0.1705607476635514,0.03271028037383177,0.32710280373831774,0.08411214953271028,0.21378504672897197,0.15654205607476634,0.015186915887850467
135,xenobladechroniclesx,0.10470588235294118,0.027058823529411764,0.2811764705882353,0.0811764705882353,0.21411764705882352,0.26941176470588235,0.02235294117647059
136,batmanarkhamknight,0.20141342756183744,0.012956419316843345,0.1413427561837456,0.1071849234393404,0.06831566548881036,0.4075382803297998,0.061248527679623084
137,callofduty,0.1071849234393404,0.01060070671378092,0.16372202591283863,0.2850412249705536,0.1154299175500589,0.232037691401649,0.08598351001177856
138,perfectdark,0.0011792452830188679,0.00589622641509434,0.2134433962264151,0.35141509433962265,0.09080188679245282,0.2617924528301887,0.07547169811320754
139,kingdomheartsi,0.099644128113879,0.11150652431791222,0.2443653618030842,0.0166073546856465,0.269276393831554,0.24673784104389088,0.011862396204033215
140,pokemonredandblue,0.09026128266033254,0.15320665083135393,0.33016627078384797,0.021377672209026127,0.22446555819477435,0.166270783847981,0.014251781472684086
141,xcom2,0.09654350417163289,0.015494636471990465,0.19785458879618595,0.24433849821215733,0.13110846245530394,0.26817640047675806,0.04648390941597139
142,reddeadredemption,0.23832335329341317,0.016766467065868262,0.14491017964071856,0.13293413173652693,0.081437125748503,0.34251497005988024,0.04311377245508982
143,thelegendofzeldaalinktothepast,0.07923169267707082,0.12004801920768307,0.3745498199279712,0.05162064825930372,0.22208883553421369,0.14285714285714285,0.009603841536614645
144,sengokubasara,0.15486194477791115,0.056422569027611044,0.2845138055222089,0.025210084033613446,0.24489795918367346,0.21368547418967587,0.02040816326530612
145,metalgearsolidvthephantompain,0.14921780986762936,0.010830324909747292,0.2045728038507822,0.13598074608904934,0.07821901323706378,0.34296028880866425,0.07821901323706378
146,borderlands,0.18674698795180722,0.01927710843373494,0.25060240963855424,0.2289156626506024,0.1891566265060241,0.09156626506024096,0.033734939759036145
147,halflife,0.1678743961352657,0.010869565217391304,0.19927536231884058,0.27294685990338163,0.10024154589371981,0.2246376811594203,0.024154589371980676
148,starcontrol,0.14652014652014653,0.020757020757020756,0.20146520146520147,0.21245421245421245,0.1452991452991453,0.2454212454212454,0.028083028083028084
149,cyberpunk2077,0.21123321123321123,0.017094017094017096,0.18437118437118438,0.17338217338217338,0.10134310134310134,0.2673992673992674,0.045177045177045176
150,finalfantasyxi,0.0690505548705302,0.059186189889025895,0.3279901356350185,0.04438964241676942,0.33292231812577067,0.15413070283600494,0.012330456226880395
151,prototype,0.12222222222222222,0.012345679012345678,0.21358024691358024,0.16913580246913582,0.14320987654320988,0.29876543209876544,0.040740740740740744
152,dynastywarriors,0.1161928306551298,0.038318912237330034,0.3288009888751545,0.038318912237330034,0.24721878862793573,0.2200247218788628,0.011124845488257108
153,grandtheftautov,0.27757125154894674,0.008674101610904586,0.13506815365551425,0.1771995043370508,0.06939281288723669,0.14745972738537794,0.18463444857496902
154,theelderscrollsonline,0.12049689440993788,0.03850931677018633,0.26956521739130435,0.0670807453416149,0.2,0.28695652173913044,0.017391304347826087
155,megamanstarforce,0.13930348258706468,0.046019900497512436,0.2885572139303483,0.02736318407960199,0.23880597014925373,0.2512437810945274,0.008706467661691543
156,shantae,0.13625,0.0575,0.2775,0.025,0.235,0.26125,0.0075
157,supermariogalaxy,0.06,0.0575,0.28875,0.05375,0.3675,0.1725,0.0
158,fireemblempathofradiance,0.056320400500625784,0.17146433041301626,0.39424280350438046,0.01376720901126408,0.1639549436795995,0.18773466833541927,0.012515644555694618
159,darkestdungeon,0.14912280701754385,0.023809523809523808,0.2619047619047619,0.10150375939849623,0.19548872180451127,0.2543859649122807,0.013784461152882205
160,darksoulsi,0.07169811320754717,0.03522012578616352,0.3584905660377358,0.04905660377358491,0.24276729559748428,0.23144654088050315,0.011320754716981131
161,monsterhunter,0.1111111111111111,0.06186868686868687,0.3573232323232323,0.07196969696969698,0.30934343434343436,0.08207070707070707,0.006313131313131313
162,xenogears,0.09848484848484848,0.056818181818181816,0.2866161616161616,0.07196969696969698,0.22727272727272727,0.2361111111111111,0.022727272727272728
163,thesecretworld,0.30279898218829515,0.03307888040712468,0.18447837150127228,0.11577608142493638,0.11577608142493638,0.21119592875318066,0.03689567430025445
164,fireemblemtheblazingblade,0.06306306306306306,0.13127413127413126,0.398970398970399,0.01287001287001287,0.14671814671814673,0.23680823680823682,0.010296010296010296
165,splatoon2,0.17654639175257733,0.03608247422680412,0.2654639175257732,0.07603092783505154,0.21649484536082475,0.21262886597938144,0.01675257731958763
166,assassinscreedii,0.17548387096774193,0.02967741935483871,0.22064516129032258,0.11483870967741935,0.12645161290322582,0.29161290322580646,0.04129032258064516
167,divinityoriginalsinii,0.16516129032258065,0.04516129032258064,0.28258064516129033,0.08645161290322581,0.19741935483870968,0.2129032258064516,0.01032258064516129
168,diablo,0.07612903225806451,0.04258064516129032,0.3638709677419355,0.06709677419354838,0.2735483870967742,0.1625806451612903,0.014193548387096775
169,talesseries,0.06589147286821706,0.05555555555555555,0.35400516795865633,0.012919896640826873,0.3578811369509044,0.14987080103359174,0.003875968992248062
170,neverwinternights,0.15762273901808785,0.03488372093023256,0.35012919896640826,0.09302325581395349,0.18992248062015504,0.16149870801033592,0.012919896640826873
171,fireemblemradiantdawn,0.050387596899224806,0.18863049095607234,0.4018087855297158,0.014211886304909561,0.1640826873385013,0.17183462532299743,0.00904392764857881
172,skiesofarcadia,0.11284046692607004,0.03501945525291829,0.33722438391699094,0.05058365758754864,0.2814526588845655,0.17120622568093385,0.011673151750972763
173,nierautomata,0.12873862158647595,0.02600780234070221,0.25617685305591675,0.07672301690507152,0.15214564369310793,0.33550065019505854,0.0247074122236671
174,haloreach,0.06380208333333333,0.006510416666666667,0.23177083333333334,0.23177083333333334,0.09244791666666667,0.3255208333333333,0.048177083333333336
175,fallenlondon,0.2851511169513798,0.052562417871222074,0.17608409986859397,0.08672798948751642,0.12746386333771353,0.2575558475689882,0.01445466491458607
176,pokemongoldandsilver,0.11578947368421053,0.1868421052631579,0.3526315789473684,0.019736842105263157,0.1881578947368421,0.12763157894736843,0.009210526315789473
177,valkyriachronicles,0.12648221343873517,0.023715415019762844,0.2753623188405797,0.10540184453227931,0.152832674571805,0.2635046113306983,0.052700922266139656
178,xenosaga,0.12945838837516513,0.02906208718626156,0.285336856010568,0.08190224570673713,0.21796565389696168,0.23645970937912814,0.019815059445178335
179,thesims,0.4581673306772908,0.055776892430278883,0.16865869853917662,0.08632138114209828,0.0903054448871182,0.12084993359893759,0.0199203187250996
180,cityofvillains,0.03462050599201065,0.019973368841544607,0.2197070572569907,0.10652463382157124,0.2596537949400799,0.28894806924101196,0.07057256990679095
181,dishonored,0.18230563002680966,0.0160857908847185,0.2158176943699732,0.15415549597855227,0.10187667560321716,0.29892761394101874,0.030831099195710455
182,earthbound,0.21879194630872484,0.07248322147651007,0.338255033557047,0.04161073825503356,0.22684563758389262,0.087248322147651,0.01476510067114094
183,warframe,0.16150740242261102,0.03095558546433378,0.30955585464333785,0.20995962314939434,0.2180349932705249,0.047106325706594884,0.02288021534320323
184,hollowknight,0.10242587601078167,0.06064690026954178,0.2857142857142857,0.0660377358490566,0.2398921832884097,0.22776280323450135,0.01752021563342318
185,portal,0.2598105548037889,0.014884979702300407,0.2083897158322057,0.18944519621109607,0.11907983761840325,0.1880920162381597,0.02029769959404601
186,pokemonswordandshield,0.13667117726657646,0.11907983761840325,0.28010825439783493,0.02706359945872801,0.22056833558863329,0.20568335588633288,0.010825439783491205
187,shinmegamitenseiiv,0.12618724559023067,0.04613297150610583,0.2930800542740841,0.05698778833107191,0.20488466757123475,0.2618724559023066,0.010854816824966078
188,mortalkombat11,0.2100954979536153,0.04638472032742155,0.15416098226466576,0.06412005457025921,0.1582537517053206,0.33560709413369716,0.03137789904502047
189,kingdomhearts3ddreamdropdistance,0.08458390177353342,0.12278308321964529,0.2373806275579809,0.015006821282401092,0.2291950886766712,0.30013642564802184,0.010914051841746248
190,heroesofmightandmagic,0.11354309165526676,0.047879616963064295,0.3707250341997264,0.05198358413132695,0.2024623803009576,0.19562243502051985,0.017783857729138167
191,residentevil6,0.1326949384404925,0.013679890560875513,0.18467852257181944,0.15868673050615595,0.12585499316005472,0.3392612859097127,0.04514363885088919
192,supersmashbrosbrawl,0.10547945205479452,0.0547945205479452,0.31232876712328766,0.049315068493150684,0.28904109589041094,0.18356164383561643,0.005479452054794521
193,assassinscreediii,0.16918844566712518,0.02063273727647868,0.17881705639614856,0.10866574965612105,0.10041265474552957,0.39614855570839064,0.026134800550206328
194,jadeempire,0.17079889807162535,0.05785123966942149,0.2699724517906336,0.06060606060606061,0.18319559228650137,0.24380165289256198,0.013774104683195593
195,supermario64,0.0856353591160221,0.06353591160220995,0.287292817679558,0.026243093922651933,0.3356353591160221,0.20165745856353592,0.0
196,megamanzx,0.10249307479224377,0.02631578947368421,0.3462603878116344,0.02631578947368421,0.2631578947368421,0.22437673130193905,0.0110803324099723
197,nethack,0.13146853146853146,0.03776223776223776,0.3412587412587413,0.08811188811188811,0.24335664335664337,0.15244755244755245,0.005594405594405594
198,payday2,0.1400560224089636,0.00980392156862745,0.1484593837535014,0.18907563025210083,0.11484593837535013,0.3403361344537815,0.05742296918767507
199,batmanarkhamasylum,0.1729957805907173,0.009845288326300985,0.16877637130801687,0.180028129395218,0.0970464135021097,0.32770745428973275,0.04360056258790436
200,thelegendofheroestrailsinthesky,0.1456859971711457,0.04101838755304102,0.27722772277227725,0.02263083451202263,0.22206506364922207,0.2814710042432815,0.009900990099009901
201,etrianodyssey,0.056657223796033995,0.03824362606232295,0.330028328611898,0.03541076487252125,0.32577903682719545,0.2096317280453258,0.00424929178470255
202,pokemondiamondandpearl,0.0950354609929078,0.17872340425531916,0.3588652482269504,0.02553191489361702,0.20709219858156028,0.12198581560283688,0.01276595744680851
203,darksoulsii,0.06950354609929078,0.03829787234042553,0.38156028368794326,0.07234042553191489,0.20567375886524822,0.22127659574468084,0.011347517730496455
204,baldursgateii,0.16312056737588654,0.04113475177304964,0.34184397163120567,0.059574468085106386,0.1574468085106383,0.225531914893617,0.011347517730496455
205,supermariorpg,0.1251778093883357,0.09103840682788052,0.30867709815078237,0.01422475106685633,0.2930298719772404,0.16358463726884778,0.004267425320056899
206,sonicthehedgehog2006,0.10526315789473684,0.031294452347083924,0.27311522048364156,0.02275960170697013,0.24324324324324326,0.3186344238975818,0.005689900426742532
207,kirby,0.09401709401709402,0.07122507122507123,0.2678062678062678,0.019943019943019943,0.33048433048433046,0.20797720797720798,0.008547008547008548
208,supermariobros,0.11697574893009986,0.0898716119828816,0.24679029957203993,0.024251069900142655,0.28530670470756064,0.2268188302425107,0.009985734664764621
209,left4dead2,0.1657142857142857,0.005714285714285714,0.19428571428571428,0.25,0.12,0.22714285714285715,0.037142857142857144
210,supermarioodyssey,0.14163090128755365,0.09298998569384835,0.2474964234620887,0.024320457796852647,0.25894134477825465,0.2246065808297568,0.010014306151645207
211,nomoreheroes,0.1977077363896848,0.02148997134670487,0.24498567335243554,0.08595988538681948,0.19627507163323782,0.2191977077363897,0.034383954154727794
212,saintsrowiv,0.21294964028776978,0.008633093525179856,0.17841726618705037,0.1410071942446043,0.07625899280575539,0.3410071942446043,0.041726618705035974
213,maplestory,0.09104046242774566,0.05202312138728324,0.2514450867052023,0.059248554913294796,0.3106936416184971,0.2254335260115607,0.010115606936416185
214,dissidiafinalfantasy,0.11627906976744186,0.10174418604651163,0.35755813953488375,0.015988372093023256,0.29505813953488375,0.10319767441860465,0.010174418604651164
215,firstencounterassaultrecon,0.11935953420669577,0.004366812227074236,0.1950509461426492,0.2765647743813683,0.07860262008733625,0.28093158660844253,0.04512372634643377
216,residentevil5,0.10771470160116449,0.010189228529839884,0.24745269286754004,0.19359534206695778,0.1586608442503639,0.25327510917030566,0.02911208151382824
217,metalslug,0.07007299270072993,0.017518248175182483,0.2905109489051095,0.1386861313868613,0.21897810218978103,0.22627737226277372,0.03795620437956204
218,assassinscreedodyssey,0.14285714285714285,0.03240058910162003,0.20765832106038293,0.07952871870397643,0.12665684830633284,0.3784977908689249,0.03240058910162003
219,mortalkombatx,0.19734904270986744,0.036818851251840944,0.20176730486008837,0.08100147275405008,0.19145802650957292,0.25773195876288657,0.033873343151693665
220,thesims3,0.39586410635155095,0.06499261447562776,0.17872968980797638,0.07385524372230429,0.0930576070901034,0.16395864106351551,0.029542097488921712
221,goldensundarkdawn,0.1255539143279173,0.07976366322008863,0.2821270310192024,0.028064992614475627,0.23338257016248154,0.2466765140324963,0.004431314623338257
222,finalfantasyxiii2,0.0874074074074074,0.05925925925925926,0.28888888888888886,0.013333333333333334,0.2474074074074074,0.29777777777777775,0.005925925925925926
223,superrobotwarsoriginalgeneration,0.12,0.04,0.30962962962962964,0.08888888888888889,0.1674074074074074,0.2548148148148148,0.01925925925925926
224,doometernal,0.09375,0.025297619047619048,0.27380952380952384,0.13690476190476192,0.14434523809523808,0.3020833333333333,0.023809523809523808
225,fzero,0.12406576980568013,0.03886397608370702,0.2645739910313901,0.059790732436472344,0.242152466367713,0.25112107623318386,0.01943198804185351
226,elsword,0.07819548872180451,0.02406015037593985,0.35639097744360904,0.03458646616541353,0.3398496240601504,0.1593984962406015,0.007518796992481203
227,hyrulewarriors,0.07401812688821752,0.0770392749244713,0.2990936555891239,0.03474320241691843,0.27492447129909364,0.2326283987915408,0.0075528700906344415
228,eternaldarkness,0.17095310136157338,0.02723146747352496,0.24508320726172467,0.1361573373676248,0.1649016641452345,0.23600605143721634,0.019667170953101363
229,oracleoftao,0.20212765957446807,0.06534954407294832,0.20364741641337386,0.0364741641337386,0.18693009118541035,0.2857142857142857,0.019756838905775075
230,dragonquestviii,0.08054711246200608,0.06990881458966565,0.3252279635258359,0.015197568389057751,0.2796352583586626,0.22188449848024316,0.007598784194528876
231,halo4,0.0593607305936073,0.0136986301369863,0.2496194824961948,0.2480974124809741,0.0715372907153729,0.319634703196347,0.0380517503805175
232,heroesofthestorm,0.1248097412480974,0.0289193302891933,0.2480974124809741,0.0730593607305936,0.2831050228310502,0.2252663622526636,0.0167427701674277
233,disgaeahourofdarkness,0.19817073170731708,0.06402439024390244,0.3018292682926829,0.022865853658536585,0.18902439024390244,0.21341463414634146,0.010670731707317074
234,yakuza,0.15396341463414634,0.03201219512195122,0.2225609756097561,0.06554878048780488,0.19664634146341464,0.27439024390243905,0.054878048780487805
235,projectxzone,0.11908396946564885,0.03816793893129771,0.28091603053435116,0.04580152671755725,0.2381679389312977,0.2549618320610687,0.022900763358778626
236,halo,0.061068702290076333,0.0,0.18778625954198475,0.24580152671755726,0.10381679389312977,0.36335877862595417,0.03816793893129771
237,arcanumofsteamworksandmagickobscura,0.12098009188361408,0.042879019908116385,0.2771822358346095,0.13782542113323124,0.19754977029096477,0.21286370597243492,0.010719754977029096
238,maxpayne2thefallofmaxpayne,0.0,0.004594180704441042,0.1225114854517611,0.2434915773353752,0.027565084226646247,0.4211332312404288,0.1807044410413476
239,saintsrow2,0.1723076923076923,0.004615384615384616,0.1476923076923077,0.1753846153846154,0.08923076923076922,0.2907692307692308,0.12
240,finalfantasyviiremake,0.16358024691358025,0.041666666666666664,0.26697530864197533,0.046296296296296294,0.1728395061728395,0.2854938271604938,0.023148148148148147
241,perfectdarkzero,0.0,0.0077279752704791345,0.18701700154559506,0.35857805255023184,0.06646058732612056,0.30602782071097373,0.07418856259659969
242,gearsofwar2,0.03709428129829984,0.0061823802163833074,0.17465224111282843,0.18083462132921174,0.11282843894899536,0.4281298299845441,0.06027820710973725
243,castlevaniasymphonyofthenight,0.08204334365325078,0.047987616099071206,0.3637770897832817,0.03869969040247678,0.2848297213622291,0.17956656346749225,0.0030959752321981426
244,startrekonline,0.17364341085271318,0.015503875968992248,0.2589147286821705,0.2527131782945736,0.16279069767441862,0.09457364341085271,0.04186046511627907
245,horizonzerodawn,0.19069767441860466,0.024806201550387597,0.21395348837209302,0.12248062015503876,0.11627906976744186,0.3116279069767442,0.020155038759689922
246,halo3,0.07763975155279502,0.006211180124223602,0.2732919254658385,0.2111801242236025,0.11801242236024845,0.2608695652173913,0.052795031055900624
247,neverwinternights2,0.2046875,0.05625,0.3875,0.071875,0.175,0.0890625,0.015625
248,iji,0.0921875,0.0125,0.25,0.153125,0.159375,0.2953125,0.0375
249,specopstheline,0.19309262166405022,0.004709576138147566,0.1130298273155416,0.17896389324960754,0.03453689167974882,0.42543171114599687,0.05023547880690738
250,shovelknight,0.11727416798732171,0.039619651347068144,0.2551505546751189,0.017432646592709985,0.2519809825673534,0.3074484944532488,0.011093502377179081
251,punchout,0.2329635499207607,0.04120443740095087,0.24405705229793978,0.039619651347068144,0.1949286846275753,0.22820919175911253,0.01901743264659271
252,samandmaxfreelancepolice,0.410459587955626,0.039619651347068144,0.12519809825673534,0.06497622820919176,0.098256735340729,0.2329635499207607,0.028526148969889066
253,shadowhearts,0.1547049441786284,0.0430622009569378,0.2886762360446571,0.03827751196172249,0.23444976076555024,0.22328548644338117,0.017543859649122806
254,marioparty,0.16293929712460065,0.07507987220447285,0.2380191693290735,0.023961661341853034,0.26198083067092653,0.23482428115015974,0.003194888178913738
255,halocombatevolved,0.07028753993610223,0.004792332268370607,0.22843450479233227,0.305111821086262,0.10063897763578275,0.24440894568690097,0.0463258785942492
256,hades,0.2231139646869984,0.06581059390048154,0.2536115569823435,0.03691813804173355,0.18619582664526485,0.21187800963081863,0.02247191011235955
257,papermario,0.14170692431561996,0.10628019323671498,0.3188405797101449,0.01288244766505636,0.2914653784219002,0.12077294685990338,0.008051529790660225
258,devilmaycry5,0.09032258064516129,0.041935483870967745,0.25806451612903225,0.05,0.22580645161290322,0.2967741935483871,0.037096774193548385
259,fallout1,0.08709677419354839,0.0064516129032258064,0.22258064516129034,0.27419354838709675,0.17419354838709677,0.22258064516129034,0.012903225806451613
260,shadowrunreturns,0.16962843295638125,0.027463651050080775,0.18578352180936994,0.13247172859450726,0.11954765751211632,0.3392568659127625,0.025848142164781908
261,shinmegamitenseistrangejourney,0.11631663974151858,0.05492730210016155,0.31179321486268174,0.061389337641357025,0.18093699515347333,0.25363489499192243,0.0210016155088853
262,nier,0.12135922330097088,0.05339805825242718,0.284789644012945,0.045307443365695796,0.16828478964401294,0.313915857605178,0.012944983818770227
263,discoelysium,0.3333333333333333,0.01779935275080906,0.13754045307443366,0.09385113268608414,0.07928802588996764,0.284789644012945,0.05339805825242718
264,puyopuyo,0.18831168831168832,0.10227272727272728,0.28084415584415584,0.011363636363636364,0.19967532467532467,0.20616883116883117,0.011363636363636364
265,farcry3,0.18344155844155843,0.008116883116883116,0.137987012987013,0.2077922077922078,0.06655844155844155,0.35714285714285715,0.03896103896103896
266,residentevil2,0.13008130081300814,0.014634146341463415,0.25691056910569104,0.191869918699187,0.07804878048780488,0.2780487804878049,0.05040650406504065
267,dragonquestix,0.09268292682926829,0.056910569105691054,0.2845528455284553,0.02113821138211382,0.3382113821138211,0.2048780487804878,0.0016260162601626016
268,halo2,0.056910569105691054,0.0065040650406504065,0.23902439024390243,0.24065040650406505,0.11544715447154472,0.2943089430894309,0.04715447154471545
269,dota2,0.13213703099510604,0.04730831973898858,0.25122349102773245,0.04730831973898858,0.3099510603588907,0.19902120717781402,0.013050570962479609
270,masseffectandromeda,0.2805872756933116,0.0065252854812398045,0.2838499184339315,0.22185970636215335,0.09624796084828711,0.08319738988580751,0.02773246329526917
271,warioware,0.22058823529411764,0.07679738562091504,0.19444444444444445,0.032679738562091505,0.24183006535947713,0.2222222222222222,0.011437908496732025
272,batmanarkhamorigins,0.1592775041050903,0.014778325123152709,0.12807881773399016,0.13136288998357964,0.090311986863711,0.4269293924466338,0.04926108374384237
273,godofwarbetrayal,0.10855263157894737,0.039473684210526314,0.21546052631578946,0.047697368421052634,0.12335526315789473,0.45723684210526316,0.008223684210526315
274,metalgearsolidpeacewalker,0.14991762767710048,0.011532125205930808,0.22075782537067545,0.10873146622734761,0.09884678747940692,0.31466227347611203,0.09555189456342669
275,bravelydefault,0.11551155115511551,0.04950495049504951,0.27722772277227725,0.0231023102310231,0.27887788778877887,0.24917491749174916,0.006600660066006601
276,trialsofmana,0.056291390728476824,0.06788079470198675,0.34933774834437087,0.014900662251655629,0.30629139072847683,0.19701986754966888,0.008278145695364239
277,bully,0.30016583747927034,0.01824212271973466,0.15754560530679934,0.1044776119402985,0.08955223880597014,0.2620232172470978,0.06799336650082918
278,ftlfasterthanlight,0.0845771144278607,0.014925373134328358,0.2155887230514096,0.20398009950248755,0.1890547263681592,0.263681592039801,0.028192371475953566
279,lifeisstrange,0.34717607973421927,0.018272425249169437,0.1378737541528239,0.06976744186046512,0.07475083056478406,0.32059800664451826,0.03156146179401993
280,asuraswrath,0.1362126245847176,0.03986710963455149,0.287375415282392,0.05149501661129568,0.23421926910299004,0.2292358803986711,0.02159468438538206
281,paladins,0.11129568106312292,0.04817275747508306,0.23920265780730898,0.08970099667774087,0.23421926910299004,0.26245847176079734,0.014950166112956811
282,spore,0.11480865224625623,0.018302828618968387,0.2146422628951747,0.19633943427620631,0.17304492512479203,0.26455906821963393,0.018302828618968387
283,halflife1,0.12520868113522537,0.005008347245409015,0.22370617696160267,0.3055091819699499,0.09348914858096828,0.21368948247078465,0.0333889816360601
284,diabloiii,0.18394648829431437,0.028428093645484948,0.3896321070234114,0.05351170568561873,0.26421404682274247,0.06521739130434782,0.015050167224080268
285,shinmegamitenseiiiinocturne,0.11036789297658862,0.07190635451505016,0.32274247491638797,0.0451505016722408,0.23244147157190637,0.21070234113712374,0.006688963210702341
286,bioshock2,0.17391304347826086,0.016722408026755852,0.225752508361204,0.18729096989966554,0.07525083612040134,0.2976588628762542,0.023411371237458192
287,conkersbadfurday,0.25,0.04865771812080537,0.15771812080536912,0.10570469798657718,0.1644295302013423,0.24328859060402686,0.030201342281879196
288,darksoulsiii,0.07394957983193277,0.047058823529411764,0.3899159663865546,0.052100840336134456,0.226890756302521,0.20168067226890757,0.008403361344537815
289,dungeonfighteronline,0.06902356902356903,0.025252525252525252,0.23232323232323232,0.04040404040404041,0.3164983164983165,0.30303030303030304,0.013468013468013467
290,inazumaeleven,0.15824915824915825,0.058922558922558925,0.23905723905723905,0.021885521885521887,0.21548821548821548,0.29292929292929293,0.013468013468013467
291,splintercell,0.11616161616161616,0.008417508417508417,0.13468013468013468,0.2727272727272727,0.050505050505050504,0.33164983164983164,0.08585858585858586
292,thesims2,0.44276094276094274,0.06902356902356903,0.16666666666666666,0.07407407407407407,0.0707070707070707,0.13973063973063973,0.037037037037037035
293,metroid,0.06913996627318718,0.01854974704890388,0.2866779089376054,0.14165261382799327,0.21416526138279932,0.24283305227655985,0.026981450252951095
294,pokemonblack2andwhite2,0.0929054054054054,0.14020270270270271,0.2939189189189189,0.018581081081081082,0.19425675675675674,0.24662162162162163,0.013513513513513514
295,ninjagaiden,0.05405405405405406,0.030405405405405407,0.3277027027027027,0.060810810810810814,0.28547297297297297,0.2195945945945946,0.02195945945945946
296,terraria,0.15202702702702703,0.06587837837837837,0.3547297297297297,0.08783783783783784,0.2652027027027027,0.07094594594594594,0.0033783783783783786
297,godofwarps4,0.17627118644067796,0.04576271186440678,0.19661016949152543,0.06271186440677966,0.13050847457627118,0.3644067796610169,0.023728813559322035
298,commandandconquerredalert3,0.13220338983050847,0.020338983050847456,0.2,0.18305084745762712,0.1576271186440678,0.26440677966101694,0.0423728813559322
299,littlebigplanet,0.141396933560477,0.044293015332197615,0.21465076660988075,0.03577512776831346,0.3100511073253833,0.2453151618398637,0.008517887563884156
300,dragonsdogma,0.059625212947189095,0.03747870528109029,0.3049403747870528,0.056218057921635436,0.2708688245315162,0.262350936967632,0.008517887563884156
301,skullgirls,0.19965870307167236,0.03924914675767918,0.22866894197952217,0.051194539249146756,0.22696245733788395,0.23208191126279865,0.02218430034129693
302,destiny,0.10921501706484642,0.042662116040955635,0.2235494880546075,0.16552901023890784,0.1962457337883959,0.23890784982935154,0.023890784982935155
303,hitman2016,0.2538593481989708,0.010291595197255575,0.10291595197255575,0.15780445969125215,0.044596912521440824,0.3567753001715266,0.07375643224699828
304,farcry5,0.14604810996563575,0.013745704467353952,0.15807560137457044,0.19072164948453607,0.07731958762886598,0.38316151202749144,0.030927835051546393
305,assassinscreedbrotherhood,0.16323024054982818,0.018900343642611683,0.2027491408934708,0.10481099656357389,0.12886597938144329,0.3470790378006873,0.03436426116838488
306,ghosttrick,0.29809358752166376,0.053726169844020795,0.11438474870017332,0.05025996533795494,0.07972270363951472,0.37261698440207974,0.03119584055459272
307,supermarioworld,0.0763888888888889,0.04861111111111111,0.328125,0.022569444444444444,0.3958333333333333,0.1284722222222222,0.0
308,deadrising,0.16145833333333334,0.010416666666666666,0.18229166666666666,0.1545138888888889,0.1267361111111111,0.3229166666666667,0.041666666666666664
309,lamulana,0.06944444444444445,0.036458333333333336,0.3194444444444444,0.04513888888888889,0.2604166666666667,0.2569444444444444,0.012152777777777778
310,mechwarrior,0.05226480836236934,0.006968641114982578,0.2229965156794425,0.21428571428571427,0.13240418118466898,0.31881533101045295,0.05226480836236934
311,sonic3andknuckles,0.031413612565445025,0.03315881326352531,0.3298429319371728,0.029668411867364748,0.3403141361256545,0.2286212914485166,0.006980802792321117
312,fireemblemgaiden,0.07504363001745201,0.13089005235602094,0.33507853403141363,0.013961605584642234,0.19895287958115182,0.2338568935427574,0.012216404886561954
313,sonicunleashed,0.11188811188811189,0.02972027972027972,0.29545454545454547,0.03146853146853147,0.27972027972027974,0.24825174825174826,0.0034965034965034965
314,sonicheroes,0.07867132867132867,0.019230769230769232,0.2727272727272727,0.026223776223776224,0.3076923076923077,0.28496503496503495,0.01048951048951049
315,supermariogalaxy2,0.043706293706293704,0.0472027972027972,0.3094405594405594,0.043706293706293704,0.38461538461538464,0.16958041958041958,0.0017482517482517483
316,streetsofrage,0.11733800350262696,0.014010507880910683,0.2574430823117338,0.06304728546409807,0.27495621716287216,0.23642732049036777,0.03677758318739054
317,thelegendofzeldaoraclegames,0.08421052631578947,0.156140350877193,0.3508771929824561,0.02456140350877193,0.23859649122807017,0.14035087719298245,0.005263157894736842
318,finalfantasyi,0.04035087719298246,0.0824561403508772,0.3684210526315789,0.008771929824561403,0.3385964912280702,0.15789473684210525,0.0035087719298245615
319,trailsseries,0.12456140350877193,0.04736842105263158,0.2929824561403509,0.04912280701754386,0.2789473684210526,0.19649122807017544,0.010526315789473684
320,fireemblemgenealogyoftheholywar,0.06842105263157895,0.19473684210526315,0.3385964912280702,0.010526315789473684,0.15964912280701754,0.21929824561403508,0.008771929824561403
321,fatalfury,0.13701067615658363,0.03202846975088968,0.2918149466192171,0.023131672597864767,0.31316725978647686,0.18327402135231316,0.019572953736654804
322,senrankagura,0.1925133689839572,0.03208556149732621,0.24777183600713013,0.0285204991087344,0.2281639928698752,0.24420677361853832,0.026737967914438502
323,borderlandsthepresequel,0.17857142857142858,0.019642857142857142,0.2017857142857143,0.16607142857142856,0.12857142857142856,0.2857142857142857,0.019642857142857142
324,metroidprime,0.03756708407871199,0.016100178890876567,0.38461538461538464,0.16815742397137745,0.22182468694096602,0.15742397137745975,0.014311270125223614
325,castlevaniachroniclesofsorrow,0.11827956989247312,0.04838709677419355,0.2831541218637993,0.025089605734767026,0.2724014336917563,0.24372759856630824,0.008960573476702509
326,assassinscreedivblackflag,0.20967741935483872,0.014336917562724014,0.17383512544802868,0.0931899641577061,0.0985663082437276,0.3817204301075269,0.02867383512544803
327,control,0.21863799283154123,0.026881720430107527,0.14516129032258066,0.12903225806451613,0.12365591397849462,0.3154121863799283,0.04121863799283154
328,miitopia,0.118491921005386,0.10233393177737882,0.26929982046678635,0.017953321364452424,0.2621184919210054,0.22082585278276481,0.008976660682226212
329,marioandluigibowsersinsidestory,0.1310592459605027,0.08797127468581688,0.26929982046678635,0.00718132854578097,0.236983842010772,0.2621184919210054,0.005385996409335727
330,finalfantasyii,0.048736462093862815,0.0812274368231047,0.3555956678700361,0.018050541516245487,0.2851985559566787,0.20216606498194944,0.009025270758122744
331,stellaris,0.17422867513611615,0.021778584392014518,0.1851179673321234,0.4355716878402904,0.1306715063520871,0.036297640653357534,0.016333938294010888
332,titanquest,0.045372050816696916,0.030852994555353903,0.4047186932849365,0.045372050816696916,0.24863883847549909,0.2177858439201452,0.007259528130671506
333,middleearthshadowofwar,0.11252268602540835,0.034482758620689655,0.2250453720508167,0.06352087114337568,0.1161524500907441,0.426497277676951,0.021778584392014518
334,borderlands1,0.09454545454545454,0.01090909090909091,0.19636363636363635,0.17454545454545456,0.18363636363636363,0.3109090909090909,0.02909090909090909
335,supermario3dworld,0.06727272727272728,0.056363636363636366,0.30363636363636365,0.014545454545454545,0.3181818181818182,0.23454545454545456,0.005454545454545455
336,alanwake,0.0018214936247723133,0.0273224043715847,0.15300546448087432,0.15664845173041894,0.0692167577413479,0.4007285974499089,0.1912568306010929
337,mortalkombat9,0.19160583941605838,0.04562043795620438,0.19525547445255476,0.06751824817518248,0.21532846715328466,0.2645985401459854,0.020072992700729927
338,ensemblestars,0.32116788321167883,0.06204379562043796,0.24817518248175183,0.016423357664233577,0.1332116788321168,0.2116788321167883,0.0072992700729927005
339,skylanders,0.17915904936014626,0.04204753199268738,0.22486288848263253,0.027422303473491772,0.23583180987202926,0.2742230347349177,0.016453382084095063
340,deadrising2,0.13211009174311927,0.011009174311926606,0.1798165137614679,0.14862385321100918,0.14678899082568808,0.344954128440367,0.03669724770642202
341,marioandluigidreamteam,0.11009174311926606,0.08440366972477065,0.28256880733944956,0.012844036697247707,0.27339449541284405,0.22935779816513763,0.007339449541284404
342,shadowthehedgehog,0.09357798165137615,0.02018348623853211,0.26788990825688075,0.07706422018348624,0.2,0.3247706422018349,0.01651376146788991
343,spidermanps4,0.19705340699815838,0.020257826887661142,0.143646408839779,0.11786372007366483,0.0847145488029466,0.40699815837937386,0.029465930018416207
344,supermariosunshine,0.08687615526802218,0.06839186691312385,0.25508317929759705,0.04251386321626617,0.33086876155268025,0.21072088724584104,0.005545286506469501
345,thelegendofzeldaalinkbetweenworlds,0.07222222222222222,0.10925925925925926,0.34629629629629627,0.027777777777777776,0.2074074074074074,0.22592592592592592,0.011111111111111112
346,nintendowars,0.1,0.024074074074074074,0.2611111111111111,0.07962962962962963,0.18518518518518517,0.3148148148148148,0.03518518518518519
347,doom2016,0.0724907063197026,0.007434944237918215,0.22490706319702602,0.2211895910780669,0.120817843866171,0.3382899628252788,0.01486988847583643
348,sidmeiersalphacentauri,0.13992537313432835,0.020522388059701493,0.1791044776119403,0.28544776119402987,0.125,0.21455223880597016,0.03544776119402985
349,marioandluigisuperstarsaga,0.11567164179104478,0.07462686567164178,0.31156716417910446,0.009328358208955223,0.251865671641791,0.22388059701492538,0.013059701492537313
350,devilsurvivor,0.10261194029850747,0.06529850746268656,0.26119402985074625,0.04477611940298507,0.22574626865671643,0.2873134328358209,0.013059701492537313
351,digitaldevilsaga,0.13271028037383178,0.052336448598130844,0.25981308411214954,0.04299065420560748,0.25794392523364484,0.22990654205607478,0.024299065420560748
352,boxxyquestthegatheringstorm,0.13857677902621723,0.06179775280898876,0.29775280898876405,0.026217228464419477,0.22846441947565543,0.2303370786516854,0.016853932584269662
353,alphaprotocol,0.15384615384615385,0.009380863039399626,0.1651031894934334,0.20825515947467166,0.0675422138836773,0.34709193245778613,0.04878048780487805
354,deadoralive,0.15254237288135594,0.02824858757062147,0.2693032015065913,0.030131826741996232,0.3107344632768362,0.192090395480226,0.01694915254237288
355,fireemblemthesacredstones,0.052830188679245285,0.15471698113207547,0.39811320754716983,0.01509433962264151,0.1811320754716981,0.18679245283018867,0.011320754716981131
356,heavyrain,0.30812854442344045,0.011342155009451797,0.12098298676748583,0.12287334593572778,0.052930056710775046,0.31568998109640833,0.06805293005671077
357,fivenightsatfreddys,0.31758034026465026,0.04158790170132325,0.17580340264650285,0.09640831758034027,0.11342155009451796,0.23440453686200377,0.020793950850661626
358,hitman2,0.20415879017013233,0.005671077504725898,0.13610586011342155,0.166351606805293,0.052930056710775046,0.3705103969754253,0.06427221172022685
359,disgaea2cursedmemories,0.14015151515151514,0.07007575757575757,0.2897727272727273,0.022727272727272728,0.22916666666666666,0.24242424242424243,0.005681818181818182
360,streetfighterv,0.15180265654648956,0.04743833017077799,0.25996204933586337,0.030360531309297913,0.2922201138519924,0.1954459203036053,0.022770398481973434
361,crisiscore,0.12144212523719165,0.04933586337760911,0.2884250474383302,0.036053130929791274,0.18975332068311196,0.2884250474383302,0.026565464895635674
362,supermetroid,0.026565464895635674,0.020872865275142316,0.3908918406072106,0.09867172675521822,0.25806451612903225,0.19165085388994307,0.013282732447817837
363,farcry4,0.15180265654648956,0.024667931688804556,0.14231499051233396,0.19734345351043645,0.0872865275142315,0.3738140417457306,0.022770398481973434
364,devilmaycry4,0.05343511450381679,0.04198473282442748,0.29389312977099236,0.04389312977099236,0.2824427480916031,0.25190839694656486,0.03244274809160305
365,marvelvscapcom3,0.16030534351145037,0.026717557251908396,0.26717557251908397,0.03816793893129771,0.33396946564885494,0.16030534351145037,0.013358778625954198
366,thelegendofzeldalinksawakening,0.08812260536398467,0.09195402298850575,0.3524904214559387,0.019157088122605363,0.2471264367816092,0.19348659003831417,0.007662835249042145
367,kingdomhearts358daysover2,0.07662835249042145,0.11494252873563218,0.26053639846743293,0.019157088122605363,0.21839080459770116,0.2988505747126437,0.011494252873563218
368,batenkaitos,0.09003831417624521,0.04980842911877394,0.29693486590038315,0.019157088122605363,0.2547892720306513,0.28544061302681994,0.0038314176245210726
369,deadspace,0.08061420345489444,0.003838771593090211,0.2072936660268714,0.29174664107485604,0.11708253358925144,0.2763915547024952,0.023032629558541268
370,papermario64,0.1329479768786127,0.11753371868978806,0.27552986512524086,0.011560693641618497,0.23314065510597304,0.22157996146435452,0.007707129094412331
371,drakengard,0.12716763005780346,0.04816955684007707,0.24277456647398843,0.05009633911368015,0.21001926782273603,0.30828516377649323,0.01348747591522158
372,saintsrow,0.16377649325626203,0.005780346820809248,0.1579961464354528,0.1926782273603083,0.0674373795761079,0.28901734104046245,0.1233140655105973
373,superrobotwarsz,0.1001926782273603,0.028901734104046242,0.22157996146435452,0.046242774566473986,0.2023121387283237,0.3872832369942196,0.01348747591522158
374,mariokart,0.09266409266409266,0.03667953667953668,0.2625482625482625,0.03667953667953668,0.3281853281853282,0.23166023166023167,0.011583011583011582
375,totalwarwarhammer,0.06963249516441006,0.04061895551257253,0.3152804642166344,0.0851063829787234,0.15860735009671179,0.2978723404255319,0.03288201160541586
376,metroidprime3corruption,0.04263565891472868,0.01744186046511628,0.38372093023255816,0.1511627906976744,0.16279069767441862,0.20930232558139536,0.03294573643410853
377,dontstarve,0.21832358674463936,0.06042884990253411,0.24561403508771928,0.07602339181286549,0.16764132553606237,0.21637426900584794,0.015594541910331383
378,metroidotherm,0.06640625,0.021484375,0.30859375,0.12109375,0.142578125,0.310546875,0.029296875
379,thelegendofheroestrailsfromzeroandtrailstoazure,0.1640625,0.02734375,0.228515625,0.0703125,0.23046875,0.255859375,0.0234375
380,lanoire,0.255859375,0.00390625,0.091796875,0.162109375,0.0546875,0.341796875,0.08984375
381,wingcommander,0.12133072407045009,0.0136986301369863,0.21135029354207435,0.299412915851272,0.09980430528375733,0.19765166340508805,0.05675146771037182
382,thelegendofzeldaspirittracks,0.08627450980392157,0.10392156862745099,0.3196078431372549,0.03529411764705882,0.2411764705882353,0.20980392156862746,0.00392156862745098
383,prototype2,0.1100196463654224,0.009823182711198428,0.20039292730844793,0.14145383104125736,0.11984282907662082,0.39096267190569745,0.0275049115913556
384,megamanlegends,0.11220472440944881,0.02952755905511811,0.33267716535433073,0.051181102362204724,0.2440944881889764,0.2047244094488189,0.025590551181102362
385,disgaea4apromiseunforgotten,0.1830708661417323,0.04330708661417323,0.3110236220472441,0.03346456692913386,0.17125984251968504,0.2440944881889764,0.013779527559055118
386,yakuza0,0.23076923076923078,0.01972386587771203,0.16173570019723865,0.07889546351084813,0.15581854043392504,0.3136094674556213,0.03944773175542406
387,kingdomheartschainofmemories,0.07692307692307693,0.11439842209072978,0.2682445759368836,0.013806706114398421,0.20907297830374755,0.3057199211045365,0.011834319526627219
388,dragonquestv,0.11439842209072978,0.1282051282051282,0.35502958579881655,0.009861932938856016,0.23471400394477318,0.14398422090729784,0.013806706114398421
389,thebindingofisaac,0.13806706114398423,0.03155818540433925,0.2485207100591716,0.05325443786982249,0.1913214990138067,0.3254437869822485,0.011834319526627219
390,pillarsofeternity,0.1324110671936759,0.045454545454545456,0.29051383399209485,0.07509881422924901,0.16403162055335968,0.26679841897233203,0.025691699604743084
391,metroidprimetrilogy,0.0297029702970297,0.015841584158415842,0.3821782178217822,0.1405940594059406,0.1782178217821782,0.23564356435643563,0.01782178217821782
392,theelderscrollsiidaggerfall,0.08712871287128712,0.039603960396039604,0.3683168316831683,0.10693069306930693,0.21188118811881188,0.18217821782178217,0.0039603960396039604
393,demonssouls,0.03571428571428571,0.03373015873015873,0.3551587301587302,0.07341269841269842,0.25793650793650796,0.24206349206349206,0.001984126984126984
394,donkeykong64,0.12103174603174603,0.08333333333333333,0.25396825396825395,0.025793650793650792,0.2896825396825397,0.21626984126984128,0.00992063492063492
395,shinmegamitenseiivapocalypse,0.12127236580516898,0.0636182902584493,0.268389662027833,0.027833001988071572,0.20079522862823063,0.3061630218687873,0.011928429423459244
396,finalfantasyiii,0.053784860557768925,0.06573705179282868,0.36254980079681276,0.013944223107569721,0.3466135458167331,0.1553784860557769,0.00199203187250996
397,persona4arena,0.16733067729083664,0.0398406374501992,0.2549800796812749,0.027888446215139442,0.2689243027888446,0.22709163346613545,0.013944223107569721
398,grandtheftautovicecity,0.1656686626746507,0.001996007984031936,0.1317365269461078,0.16966067864271456,0.0718562874251497,0.26746506986027946,0.19161676646706588
399,stardewvalley,0.294,0.064,0.2,0.054,0.182,0.198,0.008
400,arknights,0.12,0.032,0.216,0.078,0.238,0.286,0.03
401,fortnite,0.18236472945891782,0.028056112224448898,0.1743486973947896,0.10420841683366733,0.19438877755511022,0.2925851703406814,0.02404809619238477
402,metroidfusion,0.06012024048096192,0.02004008016032064,0.3787575150300601,0.11022044088176353,0.156312625250501,0.2605210420841683,0.014028056112224449
403,secretofmana,0.07630522088353414,0.05421686746987952,0.3232931726907631,0.024096385542168676,0.3092369477911647,0.19879518072289157,0.014056224899598393
404,halo5guardians,0.050200803212851405,0.012048192771084338,0.2429718875502008,0.20481927710843373,0.0963855421686747,0.3614457831325301,0.0321285140562249
405,cuphead,0.18712273641851107,0.10865191146881288,0.23541247484909456,0.02012072434607646,0.22937625754527163,0.19919517102615694,0.02012072434607646
406,disgaea3absenceofjustice,0.19718309859154928,0.06639839034205232,0.30985915492957744,0.01609657947686117,0.16901408450704225,0.22937625754527163,0.012072434607645875
407,hearthstoneheroesofwarcraft,0.10865191146881288,0.04426559356136821,0.2112676056338028,0.03420523138832998,0.2414486921529175,0.34808853118712274,0.012072434607645875
408,radianthistoria,0.10261569416498995,0.06841046277665996,0.2635814889336016,0.04225352112676056,0.2535211267605634,0.26156941649899396,0.008048289738430584
409,scribblenauts,0.20925553319919518,0.056338028169014086,0.2052313883299799,0.07847082494969819,0.17706237424547283,0.2535211267605634,0.02012072434607646
410,catherine,0.28830645161290325,0.038306451612903226,0.19556451612903225,0.04838709677419355,0.09879032258064516,0.3024193548387097,0.028225806451612902
411,supermariobros3,0.05454545454545454,0.04242424242424243,0.33535353535353535,0.026262626262626262,0.3616161616161616,0.17373737373737375,0.006060606060606061
412,callofdutyblackops,0.12348178137651822,0.004048582995951417,0.10323886639676114,0.2894736842105263,0.04251012145748988,0.37044534412955465,0.06680161943319839
413,souledge,0.0465587044534413,0.0465587044534413,0.2874493927125506,0.012145748987854251,0.3016194331983806,0.291497975708502,0.01417004048582996
414,thelegendofdragoon,0.07910750507099391,0.07099391480730223,0.3204868154158215,0.016227180527383367,0.3184584178498986,0.18864097363083165,0.006085192697768763
415,acecombat,0.056910569105691054,0.014227642276422764,0.2845528455284553,0.1910569105691057,0.11178861788617886,0.2886178861788618,0.052845528455284556
416,jaggedalliance,0.14663951120162932,0.010183299389002037,0.13238289205702647,0.2606924643584521,0.10386965376782077,0.29124236252545826,0.054989816700611
417,dothackgu,0.09775967413441955,0.026476578411405296,0.2729124236252546,0.024439918533604887,0.23625254582484725,0.3319755600814664,0.010183299389002037
418,finalfantasytacticsa2,0.06938775510204082,0.07142857142857142,0.3040816326530612,0.02857142857142857,0.3469387755102041,0.17142857142857143,0.00816326530612245
419,suikoden,0.11632653061224489,0.061224489795918366,0.3122448979591837,0.018367346938775512,0.27346938775510204,0.20408163265306123,0.014285714285714285
420,thewitcher,0.15950920245398773,0.022494887525562373,0.28016359918200406,0.07770961145194274,0.15132924335378323,0.29243353783231085,0.016359918200409
421,silenthill2,0.25051334702258726,0.03285420944558522,0.21971252566735114,0.11909650924024641,0.11498973305954825,0.2402464065708419,0.022587268993839837
422,plantsvszombies,0.1934156378600823,0.03292181069958848,0.2037037037037037,0.11316872427983539,0.19135802469135801,0.24074074074074073,0.024691358024691357
423,injusticegodsamongus,0.18969072164948453,0.032989690721649485,0.16907216494845362,0.06391752577319587,0.15257731958762888,0.3402061855670103,0.05154639175257732
424,livealive,0.1115702479338843,0.03512396694214876,0.25826446280991733,0.07231404958677685,0.18801652892561985,0.3202479338842975,0.014462809917355372
425,darkstalkers,0.2277432712215321,0.057971014492753624,0.2981366459627329,0.028985507246376812,0.2712215320910973,0.09937888198757763,0.016563146997929608
426,bugfables,0.2053941908713693,0.0912863070539419,0.2697095435684647,0.016597510373443983,0.1991701244813278,0.2095435684647303,0.008298755186721992
427,acecombat7skiesunknown,0.12474012474012475,0.006237006237006237,0.21621621621621623,0.17671517671517672,0.07484407484407485,0.3700623700623701,0.031185031185031187
428,pillarsofeternityiideadfire,0.12681912681912683,0.04365904365904366,0.25571725571725573,0.09355509355509356,0.18711018711018712,0.2785862785862786,0.014553014553014554
429,reddeadredemption2,0.38125,0.010416666666666666,0.21875,0.14583333333333334,0.06041666666666667,0.13333333333333333,0.05
430,solatorobo,0.13333333333333333,0.08125,0.3125,0.03125,0.2125,0.20833333333333334,0.020833333333333332
431,zoneoftheenders,0.08541666666666667,0.014583333333333334,0.33958333333333335,0.07916666666666666,0.14791666666666667,0.30625,0.027083333333333334
432,armoredcore,0.06289308176100629,0.008385744234800839,0.2976939203354298,0.1488469601677149,0.14255765199161424,0.32075471698113206,0.018867924528301886
433,sonicforces,0.08176100628930817,0.023060796645702306,0.24528301886792453,0.033542976939203356,0.25366876310272535,0.35639412997903563,0.006289308176100629
434,commandandconquerredalert2,0.15126050420168066,0.014705882352941176,0.18907563025210083,0.17857142857142858,0.11764705882352941,0.30462184873949577,0.04411764705882353
435,tomodachilife,0.26526315789473687,0.07578947368421053,0.19157894736842104,0.021052631578947368,0.1705263157894737,0.26105263157894737,0.014736842105263158
436,talesofberseria,0.1431578947368421,0.061052631578947365,0.2863157894736842,0.010526315789473684,0.24421052631578946,0.24421052631578946,0.010526315789473684
437,grandiaii,0.1368421052631579,0.04842105263157895,0.28842105263157897,0.042105263157894736,0.24842105263157896,0.2294736842105263,0.00631578947368421
438,nomoreheroes2desperatestruggle,0.16455696202531644,0.014767932489451477,0.2489451476793249,0.06329113924050633,0.17088607594936708,0.3037974683544304,0.03375527426160337
439,crashteamracingnitrofueled,0.22784810126582278,0.04219409282700422,0.19198312236286919,0.05063291139240506,0.18354430379746836,0.27848101265822783,0.02531645569620253
440,needforspeed,0.09936575052854123,0.008456659619450317,0.18816067653276955,0.1226215644820296,0.11205073995771671,0.39323467230443976,0.07610993657505286
441,contra,0.035940803382663845,0.006342494714587738,0.33192389006342493,0.07610993657505286,0.26004228329809725,0.2748414376321353,0.014799154334038054
442,sonicgenerations,0.0826271186440678,0.02754237288135593,0.2711864406779661,0.025423728813559324,0.298728813559322,0.2860169491525424,0.00847457627118644
443,systemshock,0.13983050847457626,0.00423728813559322,0.2266949152542373,0.288135593220339,0.10805084745762712,0.2055084745762712,0.02754237288135593
444,residentevil2remake,0.1337579617834395,0.01910828025477707,0.19532908704883228,0.12314225053078556,0.09129511677282377,0.3885350318471338,0.04883227176220807
445,thelastofuspartii,0.21231422505307856,0.014861995753715499,0.11889596602972399,0.12526539278131635,0.07218683651804671,0.42250530785562634,0.03397027600849257
446,deadspace3,0.07872340425531915,0.006382978723404255,0.16595744680851063,0.18936170212765957,0.1,0.425531914893617,0.03404255319148936
447,homeworld,0.06823027718550106,0.021321961620469083,0.21748400852878466,0.3006396588486141,0.13219616204690832,0.22174840085287847,0.03837953091684435
448,papermariotheorigamiking,0.1535181236673774,0.09168443496801706,0.27292110874200426,0.021321961620469083,0.16204690831556504,0.2899786780383795,0.008528784648187633
449,talesofphantasia,0.053418803418803416,0.053418803418803416,0.391025641025641,0.01282051282051282,0.32264957264957267,0.1623931623931624,0.004273504273504274
450,samuraiwarriors,0.08974358974358974,0.0405982905982906,0.3034188034188034,0.038461538461538464,0.3055555555555556,0.20726495726495728,0.014957264957264958
451,theouterworlds,0.1752136752136752,0.014957264957264958,0.17735042735042736,0.2329059829059829,0.09401709401709402,0.2841880341880342,0.021367521367521368
452,deadspace2,0.10515021459227468,0.004291845493562232,0.19957081545064378,0.2553648068669528,0.07081545064377683,0.33261802575107297,0.032188841201716736
453,neptunia,0.16523605150214593,0.034334763948497854,0.26394849785407726,0.023605150214592276,0.2317596566523605,0.27253218884120173,0.008583690987124463
454,x,0.07725321888412018,0.012875536480686695,0.27253218884120173,0.3562231759656652,0.13948497854077252,0.10944206008583691,0.032188841201716736
455,starfox64,0.1032258064516129,0.025806451612903226,0.2967741935483871,0.0989247311827957,0.17634408602150536,0.2752688172043011,0.023655913978494623
456,grimfandango,0.3161290322580645,0.03225806451612903,0.13978494623655913,0.07526881720430108,0.05806451612903226,0.33763440860215055,0.04086021505376344
457,streetfighteriv,0.15732758620689655,0.023706896551724137,0.3275862068965517,0.028017241379310345,0.30603448275862066,0.13577586206896552,0.021551724137931036
458,tombraider2013,0.12958963282937366,0.012958963282937365,0.17494600431965443,0.15982721382289417,0.09071274298056156,0.3930885529157667,0.038876889848812095
459,devilmaycry3dantesawakening,0.07775377969762419,0.04103671706263499,0.28077753779697623,0.038876889848812095,0.28725701943844495,0.2526997840172786,0.02159827213822894
460,wolfensteintheneworder,0.1735357917570499,0.0021691973969631237,0.1648590021691974,0.19956616052060738,0.06073752711496746,0.3579175704989154,0.04121475054229935
461,magiarecordpuellamagimadokamagicasidestory,0.1561822125813449,0.03253796095444685,0.20607375271149675,0.026030368763557483,0.2386117136659436,0.3275488069414317,0.013015184381778741
462,ahatintime,0.13043478260869565,0.03260869565217391,0.2391304347826087,0.05434782608695652,0.23695652173913043,0.29130434782608694,0.015217391304347827
463,bioshockinfinite,0.2826086956521739,0.017391304347826087,0.25,0.2108695652173913,0.11521739130434783,0.10652173913043478,0.017391304347826087
464,eveonline,0.10457516339869281,0.015250544662309368,0.16122004357298475,0.25054466230936817,0.18736383442265794,0.25925925925925924,0.02178649237472767
465,alanwakesamericannightmare,0.0,0.024017467248908297,0.13973799126637554,0.13755458515283842,0.06768558951965066,0.462882096069869,0.16812227074235808
466,fableii,0.16375545851528384,0.026200873362445413,0.27729257641921395,0.10262008733624454,0.17467248908296942,0.23580786026200873,0.019650655021834062
467,assassinscreedi,0.1572052401746725,0.019650655021834062,0.21397379912663755,0.14192139737991266,0.09388646288209607,0.34279475982532753,0.03056768558951965
468,sonicthehedgehog2,0.0525164113785558,0.019693654266958426,0.35667396061269147,0.0350109409190372,0.350109409190372,0.17943107221006566,0.006564551422319475
469,finalfantasytacticsadvance,0.08971553610503283,0.09409190371991247,0.32603938730853393,0.024070021881838075,0.29540481400437635,0.16411378555798686,0.006564551422319475
470,pokemonmysterydungeon,0.11597374179431072,0.10065645514223195,0.27571115973741794,0.03282275711159737,0.25601750547045954,0.20787746170678337,0.010940919037199124
471,fablei,0.1337719298245614,0.05701754385964912,0.2850877192982456,0.13596491228070176,0.18201754385964913,0.19736842105263158,0.008771929824561403
472,ys,0.06359649122807018,0.041666666666666664,0.3092105263157895,0.03070175438596491,0.3157894736842105,0.23026315789473684,0.008771929824561403
473,yakuzalikeadragon,0.15604395604395604,0.046153846153846156,0.1824175824175824,0.01978021978021978,0.1956043956043956,0.35384615384615387,0.046153846153846156
474,residentevil7biohazard,0.14065934065934066,0.013186813186813187,0.15164835164835164,0.16483516483516483,0.08351648351648351,0.4153846153846154,0.03076923076923077
475,granbluefantasy,0.18681318681318682,0.07252747252747253,0.3252747252747253,0.013186813186813187,0.31868131868131866,0.07032967032967033,0.013186813186813187
476,sandsofdestruction,0.12527472527472527,0.05274725274725275,0.2879120879120879,0.024175824175824177,0.20659340659340658,0.2879120879120879,0.015384615384615385
477,destiny2,0.12307692307692308,0.015384615384615385,0.2043956043956044,0.12527472527472527,0.16923076923076924,0.34065934065934067,0.02197802197802198
478,sekiroshadowsdietwice,0.0947136563876652,0.037444933920704845,0.27312775330396477,0.048458149779735685,0.23788546255506607,0.2907488986784141,0.01762114537444934
479,girlsfrontline,0.10596026490066225,0.02207505518763797,0.19646799116997793,0.1545253863134658,0.19426048565121412,0.2869757174392936,0.039735099337748346
480,kirbysuperstar,0.09292035398230089,0.061946902654867256,0.33185840707964603,0.033185840707964605,0.3163716814159292,0.15486725663716813,0.008849557522123894
481,dragonquestxi,0.09513274336283185,0.09070796460176991,0.3163716814159292,0.011061946902654867,0.2809734513274336,0.19690265486725664,0.008849557522123894
482,twistedmetal,0.18805309734513273,0.02654867256637168,0.2013274336283186,0.11283185840707964,0.12831858407079647,0.2942477876106195,0.048672566371681415
483,injustice2,0.21238938053097345,0.05309734513274336,0.15486725663716813,0.06637168141592921,0.1261061946902655,0.3495575221238938,0.03761061946902655
484,medabots,0.2079646017699115,0.07079646017699115,0.23008849557522124,0.01991150442477876,0.17256637168141592,0.28761061946902655,0.011061946902654867
485,talesofgraces,0.10643015521064302,0.057649667405764965,0.31263858093126384,0.008869179600886918,0.2727272727272727,0.23059866962305986,0.011086474501108648
486,epicbattlefantasy,0.10643015521064302,0.06430155210643015,0.29711751662971175,0.028824833702882482,0.2727272727272727,0.22172949002217296,0.008869179600886918
487,soniccolors,0.06666666666666667,0.024444444444444446,0.28,0.05333333333333334,0.30444444444444446,0.2644444444444444,0.006666666666666667
488,gameofthronesascent,0.006726457399103139,0.04932735426008968,0.30493273542600896,0.07623318385650224,0.08520179372197309,0.3004484304932735,0.17713004484304934
489,kirbystarallies,0.08764044943820225,0.09438202247191012,0.3393258426966292,0.02696629213483146,0.2157303370786517,0.2292134831460674,0.006741573033707865
490,traumacenter,0.1981981981981982,0.015765765765765764,0.20945945945945946,0.07432432432432433,0.11486486486486487,0.35135135135135137,0.036036036036036036
491,fireemblemthebindingblade,0.05656108597285068,0.1832579185520362,0.4095022624434389,0.01583710407239819,0.16063348416289594,0.16968325791855204,0.004524886877828055
492,sagafrontier,0.11990950226244344,0.04751131221719457,0.2828054298642534,0.024886877828054297,0.2737556561085973,0.2330316742081448,0.01809954751131222
493,battletech,0.08616780045351474,0.018140589569160998,0.18594104308390022,0.19727891156462585,0.14058956916099774,0.3356009070294785,0.036281179138321996
494,mugen,0.09750566893424037,0.034013605442176874,0.24263038548752835,0.031746031746031744,0.29024943310657597,0.2947845804988662,0.009070294784580499
495,gradius,0.04772727272727273,0.022727272727272728,0.375,0.09090909090909091,0.24772727272727274,0.20681818181818182,0.00909090909090909
496,ratchetandclankgoingcommando,0.11643835616438356,0.0228310502283105,0.2579908675799087,0.08447488584474885,0.23515981735159816,0.2602739726027397,0.0228310502283105
497,psychonauts2,0.2562929061784897,0.038901601830663615,0.14874141876430205,0.043478260869565216,0.13729977116704806,0.34553775743707094,0.029748283752860413
498,grimdawn,0.04805491990846682,0.032036613272311214,0.3135011441647597,0.08695652173913043,0.2334096109839817,0.2631578947368421,0.02288329519450801
499,bloodstainedritualofthenight,0.059496567505720827,0.02745995423340961,0.32265446224256294,0.02288329519450801,0.2906178489702517,0.2723112128146453,0.004576659038901602
