Topic 1,Topic 2,Topic 3,Topic 4,Topic 5,Topic 6,Topic 7
1063/0.012077245185837927,318/0.008818168593457184,263/0.01937437068773272,49/0.03956263594144965,865/0.053869511178238225,319/0.14863196873071385,2021/0.06434168690383797
2435/0.009211631862614506,995/0.008300459520284784,2559/0.017259205698105812,1621/0.03847510434424784,500/0.030608391938452825,764/0.13443735856819586,985/0.03202062939689057
89/0.0090852579735093,207/0.008219166360034572,439/0.01517107157096615,1704/0.0355064370113456,586/0.021042777803999307,525/0.09421929644106151,2633/0.02736399369100969
2143/0.0076507435566394106,1605/0.005938679285647051,80/0.014785881780522913,976/0.03368408676738581,794/0.02045279337958811,780/0.07004731536720839,315/0.026788173146734096
111/0.006479223449529001,1880/0.005840271775870478,1214/0.014677758330573934,362/0.021162777026629827,1071/0.020059470429980648,1345/0.06521291915243776,172/0.026412638009163058
1126/0.005843938493486621,1030/0.005583556532975073,548/0.013096452875070112,2311/0.020075245429428016,1264/0.019202026399836376,1217/0.04947541658095042,1784/0.02561149638234484
2003/0.005837107472453908,157/0.005566442183448712,649/0.01275180937835774,124/0.01992828170007642,94/0.018376048205660703,1346/0.041246657066447236,1165/0.024835390431364696
1762/0.0057278111359304875,879/0.005425248799856239,1144/0.01219091898174741,690/0.019663746987243547,337/0.017951259420084645,2341/0.040835219090722075,2363/0.02466014070049821
1448/0.005420415189458369,1815/0.005403855862948289,427/0.012089553247420242,420/0.019428605020280994,98/0.01659036201444282,2107/0.03702941781526435,2653/0.02268232230929074
2587/0.005355520489647588,1975/0.0051899264938687845,378/0.011501631988322667,2535/0.019340426782670037,2301/0.016063309261968816,947/0.03301789755194404,78/0.022181608792529353
1170/0.004867102485808554,312/0.005035897348131541,903/0.010744767838679812,1423/0.01634236670389748,1384/0.014379887037648873,673/0.03168072413083728,342/0.022081466089177076
259/0.004822700849095914,363/0.004946047013118149,1860/0.01067043296683989,405/0.015607548057139499,267/0.014285489529743081,695/0.0294178152643489,1997/0.021180181759006586
1660/0.004754390638768776,351/0.004881868202394298,1117/0.00988653795470979,545/0.01551936981952854,1988/0.01364830635137899,1154/0.024480559555646986,774/0.019552862829532083
1341/0.004692911449474353,381/0.004804853629525676,1868/0.009724352779786321,963/0.013902768796660985,115/0.013160585893865736,1252/0.023863402592059248,114/0.01935257742282753
617/0.004556291028820078,1535/0.004492516750669599,271/0.009541894457997418,1426/0.013197342895773323,853/0.012759396485266122,1257/0.02273194815881506,21/0.01835115038930476
1941/0.004228402019249817,671/0.004355601954458716,698/0.009481075017401117,881/0.013167950149903004,681/0.012389672912635107,914/0.02211479119522732,578/0.018225972010114413
559/0.0041156901722100405,179/0.004278587381590094,31/0.008893153758303542,2312/0.013167950149903004,498/0.011603027013420178,397/0.02046903929232668,470/0.0177502941691911
930/0.004084950577562829,2411/0.004252915857300554,957/0.008521479399103927,244/0.01293280818294045,637/0.011453564292569343,1425/0.019337584859082494,433/0.017600080114162683
274/0.004071288535497401,2019/0.003970529090115607,1562/0.008406598233533137,52/0.012609487978366939,754/0.011020909048001133,164/0.017588973462250565,1519/0.017374759031620057
1404/0.003982485262072122,2536/0.003953414740589247,1310/0.008197109049256988,275/0.012491916994885662,2254/0.010855713409165997,237/0.017177535486525407,1657/0.01564729739879328
1888/0.003914175051744984,20/0.003944857565826067,576/0.008048439305577143,1147/0.012462524249015342,1852/0.010808514655213102,1328/0.01512034560789961,395/0.01502140550284155
2099/0.003893681988646843,343/0.003906350279391756,1176/0.0076429763682684705,1376/0.012374346011404386,256/0.010375859410644893,1470/0.01347459370499897,417/0.01502140550284155
2358/0.003862942393999631,1172/0.0038892359298653956,902/0.007636218652646659,1558/0.011668920110516725,198/0.010249996066770503,1248/0.010285949393128985,1450/0.014420549282727887
486/0.003862942393999631,1548/0.0038678429929574452,1797/0.007467275762101379,1587/0.011668920110516725,386/0.010226396689794056,1125/0.009668792429541247,710/0.013944871441804571
99/0.0037946321836724935,201/0.003846450056049495,1632/0.007264544293447043,1479/0.011551349127035447,150/0.010163465017856862,1255/0.008434478502365768,669/0.013744586035100018
535/0.003753646057476211,2348/0.0037908284200888235,1052/0.007251028862203421,2670/0.01146317088942449,2014/0.010131999181888264,,2115/0.013243872518338633
1978/0.003719490952312642,67/0.0036581922112595305,226/0.007183451705985309,107/0.010875315972018107,278/0.009715076855304353,,850/0.013143729814986356
1111/0.003606779105272865,2105/0.0035084416529038774,408/0.007034781962305462,1303/0.010816530480277468,1081/0.009707210396312204,,2233/0.01304358711163408
1554/0.0035623774685602256,791/0.003444262842180026,581/0.006980720237330973,1695/0.01034624654635236,756/0.009604946429414264,,284/0.01299351575995794
514/0.0035487154264947983,1101/0.003439984254798436,1219/0.006892869934247427,1999/0.009640820645464699,1744/0.00953414829848492,,1399/0.0129434444082818
735/0.0034838207266840175,517/0.0033501339197850436,77/0.006886112218625616,1555/0.00958203515372406,1663/0.009361086200657636,,772/0.012342588188168139
38/0.003459912153069519,1006/0.0033030694585875525,819/0.00668338074997128,2604/0.009435071424372466,292/0.00930602098771259,,1557/0.011916981698920963
264/0.0034530811320368057,621/0.0032859551090611925,866/0.00662931902499679,937/0.009111751219798953,1728/0.009282421610736143,,2028/0.011441303857997647
768/0.0033574468375788128,1648/0.00317043324975826,2088/0.006582015015644112,481/0.008964787490447358,1193/0.009117225971901009,,134/0.011291089802969232
59/0.0032447349905390358,448/0.0031533189002318994,765/0.0064806492813169435,2315/0.0088766092528364,812/0.008975629710042322,,341/0.011165911423778884
440/0.003234488458989965,1087/0.003097697264271228,1796/0.00634549496888072,1366/0.008641467285873847,1158/0.008755368858262141,,455/0.01096562601707433
239/0.0032310729484736084,2570/0.0030763043273632777,236/0.006237371518931741,1493/0.00849450355652225,2674/0.008676704268340649,,1748/0.010740304934531708
475/0.0031695937591791844,897/0.003072025739981688,631/0.00617655207833544,1851/0.008435718064781612,1461/0.008487909252529067,,2218/0.010540019527827153
168/0.0031525162065974,282/0.0030549113904553274,2541/0.006163036647091817,1856/0.008406325318911292,1231/0.008267648400748886,,1923/0.010489948176151015
2183/0.003135438654015616,701/0.003033518453547377,1256/0.006081944059630083,721/0.008318147081300334,2413/0.008031654630984408,,162/0.010414841148636807
1053/0.0031183611014338314,2272/0.003012125516639426,708/0.006054913197142838,1620/0.008112397860208101,46/0.008031654630984408,,1282/0.010364769796960669
1/0.0030773749752375486,832/0.003012125516639426,680/0.006021124619033782,984/0.008053612368467463,522/0.007960856500055066,,1927/0.009213128708409483
516/0.003070543954204835,626/0.003003568341876246,180/0.0059400320315720475,639/0.007847863147375228,1375/0.007874325451141423,,357/0.008687379515810029
1571/0.0030261423174921956,491/0.002999289754494656,345/0.005885970306597558,1093/0.00775968490976427,1478/0.007488868960526108,,1734/0.00833688005407706
869/0.0029646631281977716,12/0.002952225293297165,1434/0.005852181728488502,2300/0.007700899418023632,2650/0.007402337911612467,,2516/0.008311844378238991
118/0.002954416596648701,243/0.0028966036573364936,1467/0.005771089141026768,1631/0.007495150196931397,1781/0.007386604993628168,,2400/0.00796134491650602
2324/0.0029373390440669165,247/0.002862374958283773,1775/0.0056764811223214105,2164/0.00740697195932044,1976/0.007363005616651721,,2340/0.007936309240667952
2616/0.0029134304704524186,2209/0.0028452606087574126,450/0.005649450259834166,2339/0.0069660807712656515,555/0.007323673321690974,,1135/0.007510702751420775
2114/0.0029134304704524186,1831/0.0027939175601783316,1179/0.005554842241128809,2273/0.006936688025395332,745/0.007197809977816586,,2292/0.007435595723906567
1497/0.0028792753652888497,1133/0.002781081798033561,614/0.005548084525506997,364/0.006848509787784375,2605/0.0071742106008401375,,2651/0.007260345993040082
2388/0.002869028833739779,527/0.0027554102737440207,183/0.005534569094263375,550/0.006848509787784375,2473/0.007166344141847989,,892/0.007185238965525875
789/0.002841704749608924,14/0.0027511316863624304,181/0.005453476506801641,1169/0.006583975074951502,664/0.007134878305879391,,1595/0.007160203289687805
558/0.0028041341339289983,5/0.0027425745115992506,476/0.005419687928692585,975/0.006554582329081183,1759/0.007095546010918645,,298/0.007110131938011667
2054/0.0027973031128962845,1697/0.0027340173368360704,426/0.005338595341230851,2290/0.006554582329081183,432/0.007056213715957898,,2444/0.007110131938011667
1275/0.002790472091863571,1073/0.0027126243999281196,355/0.005298049047499983,777/0.006407618599729587,1444/0.007032614338981451,,1809/0.006959917882983251
1908/0.0027768100497981433,857/0.0027126243999281196,194/0.00528453361625636,2492/0.006319440362118629,1635/0.006977549126036406,,1534/0.0067095611246025585
62/0.002763148007732716,2667/0.002682674288256989,65/0.005250745038147305,1462/0.00629004761624831,2503/0.006946083290067809,,2087/0.006258918959517312
587/0.0027529014761836453,749/0.0026612813513490386,1074/0.00522371417566006,560/0.006172476632767033,407/0.006859552241154167,,1474/0.006258918959517312
90/0.0027426549446345747,349/0.0026484455892042684,981/0.005189925597551004,2372/0.005996120157545118,739/0.006788754110224823,,1540/0.006058633552812758
938/0.0027392394341182176,1747/0.0026484455892042684,781/0.005142621588198325,761/0.005819763682323203,1496/0.006765154733248376,,307/0.005733169766917858
580/0.002735823923601861,1582/0.0026142168901515475,44/0.005014224991383913,2076/0.005702192698841926,9/0.006749421815264077,,1271/0.005457777332699096
1961/0.0027255773920527903,855/0.002597102540625187,1371/0.004838524385216821,1157/0.005584621715360649,820/0.006694356602319032,,1300/0.005382670305184889
634/0.002722161881536433,93/0.002597102540625187,1182/0.004818251238351388,57/0.005584621715360649,2534/0.006655024307358285,,948/0.005282527601832611
744/0.0027050843289546486,461/0.002588545365862007,1754/0.004710127788402408,1793/0.005525836223620011,1821/0.006615692012397539,,443/0.005107277870966127
1971/0.002694837797405578,97/0.0025628738415724665,1412/0.00466282377904973,1591/0.005525836223620011,2020/0.00660782555340539,,870/0.005107277870966127
998/0.002674344734307437,85/0.002541480904664516,1588/0.0046222774853188625,136/0.0054964434777496915,813/0.006560626799452495,,441/0.005032170843451919
1315/0.002650436160692939,544/0.0025372023172829257,127/0.004568215760344373,2162/0.005467050731879372,2672/0.006253834898758673,,2478/0.005032170843451919
1014/0.002643605139660225,543/0.0025158093803749754,736/0.00454794261347894,1216/0.005437657986009053,2065/0.006183036767829329,,1113/0.00500713516761385
1019/0.0026333586081111545,371/0.0025115307929933855,2319/0.00449388088850445,240/0.005437657986009053,1247/0.006183036767829329,,1659/0.00498209949177578
2118/0.002623112076562084,39/0.002507252205611795,1580/0.004426303732286338,1504/0.005378872494268414,128/0.006120105095892135,,1913/0.0041559221891194955
101/0.002588956971398515,1417/0.0025029736182302052,1236/0.0044060305854209045,2595/0.005378872494268414,1353/0.006088639259923538,,1783/0.004055779485767218
1955/0.002582125950365801,423/0.002494416443467025,1824/0.004399272869799093,547/0.005320087002527776,231/0.0060571734239549405,,1394/0.003905565430738803
1772/0.002565048397784017,782/0.0024901378560854347,53/0.004304664851093736,1228/0.005290694256657457,2037/0.0060099746700020456,,899/0.003830458403224595
451/0.002558217376751303,1897/0.0024901378560854347,1857/0.004243845410497435,668/0.005290694256657457,2279/0.00596277591604915,,1987/0.0038054227273865257
2121/0.002558217376751303,1506/0.0024730235065590746,2368/0.004162752823035701,348/0.0052025160190464995,2009/0.005868378408143358,,1043/0.0037553513757103874
2555/0.002524062271587734,834/0.0024730235065590746,2274/0.004149237391792079,1237/0.0052025160190464995,2641/0.00585264549015906,,1510/0.0036802443481961794
665/0.0025138157400386636,1563/0.0024687449191774843,466/0.004149237391792079,1699/0.005114337781435541,1086/0.005750381523261119,,1710/0.0035801016448439027
658/0.002503569208489593,221/0.002460187744414304,1039/0.004000567648112232,921/0.0049085885603433075,73/0.005726782146284672,,2327/0.0034799589414916256
926/0.0024796606348750946,553/0.002451630569651124,2591/0.003960021354381365,1834/0.004879195814472988,2664/0.0055065212945044914,,131/0.0032796735347870717
2096/0.002476245124358738,1415/0.002447351982269534,730/0.0039059596294068752,1630/0.004820410322732349,2517/0.005451456081559447,,955/0.003129459479758656
1424/0.002472829613842381,499/0.0024387948075063537,196/0.003824867041945141,1715/0.0046146611016401155,75/0.005301993360708611,,1336/0.003029316776406379
533/0.0024659985928096673,327/0.002421680457979993,23/0.0037572898857270286,1709/0.004526482864029157,507/0.005286260442724312,,2661/0.0029792454247302407
340/0.0024625830822933106,213/0.0024174018705984033,135/0.0037370167388615953,2306/0.004232555405325965,1221/0.004885071034124699,,2181/0.0028540670455398944
2163/0.0024523365507442395,867/0.0023788945841640924,317/0.0036559241513998606,1594/0.004173769913585327,120/0.0047749406082346095,,1717/0.0024785319079688554
58/0.002384026340417102,589/0.0023788945841640924,1890/0.0036559241513998606,2186/0.004173769913585327,195/0.0046412108053680715,,1024/0.0024534962321307863
468/0.0023806108299007454,295/0.0023446658851113715,2154/0.0036356510045344272,40/0.0039974134383634116,728/0.004617611428391624,,1626/0.0023783892046165787
396/0.002377195319384388,1096/0.0023403872977297816,1570/0.003622135573290805,2384/0.0039680206924930924,2445/0.004578279133430878,,2499/0.002203139473750094
2460/0.0023737798088680315,1061/0.002323272948203421,151/0.0036086201420471825,2192/0.003879842454882135,2224/0.004562546215446579,,1680/0.002128032446235886
471/0.0023225471511226785,887/0.002318994360821831,1608/0.0036086201420471825,1459/0.003821056963141497,1636/0.004531080379477982,,1745/0.0019277470395313323
1468/0.002305469598540894,190/0.002314715773440241,889/0.0035815892795599377,2522/0.003821056963141497,1191/0.004531080379477982,,684/0.0016523546053125704
1013/0.002302054088024537,1261/0.0022676513122427498,1573/0.0035748315639381263,827/0.003821056963141497,786/0.004373751199634996,,1598/0.0015772475777983627
2225/0.0022918075564754663,707/0.0022505369627163897,276/0.003527527554585448,2439/0.0037916642172711773,230/0.0043580182816506975,,2247/0.0015271762261222241
11/0.002284976535442753,904/0.0022462583753347994,277/0.0035140121233418254,1242/0.0037916642172711773,1004/0.0043422853636663995,,1416/0.0014270335227699472
1634/0.0022576524513118978,412/0.0022462583753347994,293/0.0035072544077200144,1547/0.00370348597966022,1206/0.004318685986689951,,503/0.0010765340610369776
1288/0.0022405748987301133,328/0.002220586851045259,942/0.003500496692098203,1814/0.0036447004879195813,1932/0.004232154937776309,,2619/0.0008512129784943545
1343/0.002237159388213756,1010/0.0021991939141373083,958/0.003500496692098203,919/0.003556522250308624,2129/0.004177089724831265,,
55/0.002216666325115615,528/0.0021949153267557184,1225/0.003399130957771035,1160/0.0035271295044383044,2056/0.004169223265839115,,
2386/0.002192757751501117,1065/0.002173522389847768,1060/0.003392373242149224,1405/0.0035271295044383044,2660/0.004051226380956876,,
574/0.002151771625304834,215/0.0021435722781766374,2401/0.0033856155265274126,2113/0.0034977367585679853,1122/0.0039568288730510845,,
901/0.002131278562206693,1075/0.0021435722781766374,1662/0.0033653423796619793,2194/0.0034977367585679853,689/0.0036579034313494125,,
2612/0.002124447541173979,1429/0.0021221793412686866,1921/0.003331553801552923,178/0.003468344012697666,2302/0.003594971759412218,,
731/0.0021210320306576224,663/0.0021221793412686866,288/0.0033180383703093007,1298/0.0033507730292163893,22/0.0035792388414279197,,
430/0.002110785499108552,477/0.0021136221665055063,487/0.0032504612140911884,434/0.0029392745870319204,2652/0.003508440710498576,,
224/0.002107369988592195,74/0.0021050649917423265,1068/0.0031828840578730765,2428/0.002880489095291282,2334/0.003366844448639889,,
1354/0.002103954478075838,30/0.002100786404360736,1307/0.003169368626629454,2668/0.002733525365939686,2360/0.00335897798964774,,
1812/0.002097123457043124,2265/0.0020965078169791463,1536/0.003162610911007643,2085/0.0025571688907177707,2458/0.003303912776702695,,
1186/0.0020834614149776967,748/0.0020965078169791463,1099/0.0031490954797640204,1970/0.0024689906531068133,1623/0.0032960463177105458,,
1022/0.0020493063098141278,835/0.002092229229597556,822/0.003128822332898587,1377/0.0024102051613661747,915/0.003185915891820456,,
374/0.00202539773619963,2561/0.0020836720548343757,113/0.003095033754789531,2474/0.0023808124154958555,1981/0.0031072513018989634,,
270/0.0020219822256832727,1012/0.0020665577053080157,2464/0.00308827603916772,2425/0.0023220269237552173,1382/0.0030600525479460676,,
852/0.002011735694134202,694/0.0020665577053080157,1785/0.0030747606079240975,660/0.002292634177884898,2608/0.0030285867119774702,,
419/0.002011735694134202,1080/0.0020622791179264253,1333/0.0030544874610586637,2620/0.002292634177884898,2075/0.003012853793993172,,
661/0.0020083201836178454,2443/0.0020622791179264253,1047/0.0030139411673277966,1753/0.002292634177884898,2394/0.0029499221220559775,,
36/0.0020049046731014887,1703/0.002049443355781655,933/0.002993668020462363,1664/0.0020868849567926635,2195/0.00292632274507953,,
1931/0.0020014891625851315,2172/0.002028050418873705,557/0.002966637157975118,606/0.0020574922109223444,359/0.0028948569091109327,,
1139/0.001991242631036061,1881/0.0020237718314921145,1898/0.0029193331486224395,524/0.0020280994650520253,314/0.002761127106244395,,
2545/0.001984411610003347,1586/0.0020152146567289342,717/0.0028720291392697614,2182/0.0019987067191817058,2441/0.0026588631393464545,,
716/0.0019775805889706336,1937/0.002002378894584164,393/0.002831482845538894,444/0.001881135735700429,2515/0.0026509966803543055,,
1152/0.0019741650784542764,800/0.0019809859576762137,1808/0.0027706634049425934,1899/0.0018223502439597907,2219/0.0026273973033778576,,
2554/0.0019707495679379197,1501/0.0019724287829130335,809/0.00269632853310267,1332/0.0017929574980894715,1161/0.002556599172448514,,
807/0.0019707495679379197,227/0.001955314433386673,2242/0.0026490245237499916,1721/0.001704779260478514,2505/0.002525133336479917,,
1616/0.0019536720153561352,269/0.0019424786712419029,1963/0.002635509092506369,1935/0.001587208276997237,1771/0.0024936675005113196,,
943/0.0019468409943234216,2392/0.0019424786712419029,482/0.002621993661262747,1782/0.0015578155311269178,1706/0.002415002910589827,,
990/0.0019434254838070646,1402/0.0019339214964787226,2136/0.002594962798775502,490/0.0015578155311269178,2287/0.002352071238652633,,
228/0.0019434254838070646,1523/0.0019339214964787226,139/0.002594962798775502,1421/0.0015284227852565987,1974/0.0023127389436918867,,
1136/0.001933178952257994,163/0.0019296429090971325,909/0.0025882050831536906,1258/0.0015284227852565987,2104/0.002100344550903856,,
1263/0.001933178952257994,692/0.0019168071469523621,289/0.0025882050831536906,2475/0.0014990300393862795,618/0.0020846116329195576,,
1312/0.0019263479312252802,839/0.0018996927974260019,956/0.002540901073801012,1451/0.0014696372935159602,595/0.0020216799609823633,,
2578/0.0019263479312252802,91/0.0018996927974260019,1646/0.002500354780070145,1148/0.0013520663100346835,2333/0.0019430153710608706,,
281/0.0019161013996762096,900/0.0018911356226628216,421/0.0024868393488265226,567/0.0012344953265534067,1542/0.001872217240131527,,
370/0.001909270378643496,373/0.0018868570352812315,1446/0.002453050770717467,1477/0.001146317088942449,511/0.0018486178631550794,,
803/0.001909270378643496,925/0.0018782998605180513,837/0.0024125044769865993,1281/0.0008817823761095761,2208/0.0017148880602885417,,
734/0.001902439357610782,1302/0.0018782998605180513,334/0.002371958183255732,2018/0.0008817823761095761,2337/0.001526093044476959,,
654/0.001902439357610782,1603/0.0018740212731364612,1611/0.002297623311415809,2223/0.0007642113926282993,2267/0.001463161372539765,,
2205/0.001878530783996284,1334/0.0018654640983732811,365/0.0022841078801721865,2364/0.0007054259008876609,1667/0.0014159626185868692,,
2093/0.001875115273479927,571/0.001861185510991691,199/0.0022570770176849417,1058/0.0006760331550173418,1218/0.0010305061279715548,,
964/0.0018682842524472133,1305/0.001856906923610101,959/0.00213543813649234,1713/0.0006466404091470226,893/0.0009282421610736143,,
1743/0.0018682842524472133,2412/0.001856906923610101,568/0.0021219227052487175,452/0.0006172476632767033,123/0.0007001148503012854,,
1749/0.0018614532314144994,705/0.001856906923610101,446/0.002101649558383284,2581/0.0005584621715360649,,,
711/0.0018580377208981427,1489/0.0018526283362285108,989/0.002101649558383284,2276/0.00035271295044383044,,,
645/0.001847791189349072,1719/0.0018483497488469207,677/0.002101649558383284,,,,
110/0.0018409601683163582,1241/0.0018397925740837404,464/0.002088134127139662,,,,
886/0.0018409601683163582,1755/0.0018355139867021503,523/0.0020746186958960394,,,,
556/0.0018272981262509307,845/0.0018355139867021503,2264/0.0020746186958960394,,,,
1220/0.0018272981262509307,2149/0.0018312353993205604,1758/0.0020746186958960394,,,,
504/0.0018068050631527895,245/0.0018269568119389703,691/0.002061103264652417,,,,
2465/0.0018068050631527895,706/0.0018098424624126098,1274/0.0020543455490306057,,,,
2271/0.0017999740421200756,1368/0.0018055638750310197,709/0.002034072402165172,,,,
1289/0.001796558531603719,301/0.0017970067002678397,2426/0.002007041539677927,,,,
2257/0.001786312000054648,1026/0.0017927281128862496,1431/0.002000283824056116,,,,
540/0.0017760654685055775,248/0.0017884495255046594,1198/0.0019935261084343047,,,,
1017/0.0017555724054074363,1487/0.0017841709381230693,1936/0.0019732529615688714,,,,
939/0.0017384948528256518,715/0.0017841709381230693,2513/0.0019056758053507593,,,,
225/0.0017282483212765812,1326/0.0017798923507414792,1011/0.0018786449428635143,,,,
2061/0.0017248328107602243,387/0.0017670565885967088,1837/0.001865129511619892,,,,
330/0.00170775525817844,129/0.0017584994138335288,1593/0.0018516140803762696,,,,
2325/0.00170775525817844,316/0.0017542208264519387,48/0.0018448563647544584,,,,
2078/0.001704339747662083,1575/0.0017456636516887585,1716/0.001831340933510836,,,,
682/0.001704339747662083,287/0.0017413850643071683,2200/0.0018110677866454024,,,,
1817/0.0017009242371457262,846/0.0017371064769255782,437/0.0018110677866454024,,,,
2323/0.0016872621950802986,155/0.001732827889543988,261/0.00179755235540178,,,,
759/0.0016838466845639417,388/0.0017242707147808079,747/0.0017840369241581577,,,,
302/0.0016838466845639417,191/0.0017242707147808079,917/0.001770521492914535,,,,
1538/0.001677015663531228,1795/0.0017114349526360377,413/0.001763763777292724,,,,
1066/0.001673600153014871,257/0.0017028777778728575,313/0.0017570060616709127,,,,
2369/0.0016633536214658005,2137/0.0017028777778728575,54/0.0017502483460491015,,,,
815/0.0016599381109494436,242/0.0016985991904912674,2437/0.0017502483460491015,,,,
536/0.00165310708991673,82/0.0016985991904912674,588/0.0017232174835618568,,,,
88/0.00165310708991673,1825/0.0016900420157280871,2043/0.0017029443366964232,,,,
2611/0.00165310708991673,1532/0.001681484840964907,1733/0.0016894289054528008,,,,
1146/0.001649691579400373,1986/0.001677206253583317,1671/0.0016826711898309896,,,,
2629/0.0016428605583676593,929/0.0016686490788201367,2064/0.001669155758587367,,,,
583/0.0016394450478513024,2089/0.0016600919040569565,86/0.0016488826117219335,,,,
169/0.0016360295373349454,570/0.0016600919040569565,211/0.0016286094648565,,,,
585/0.0016326140268185885,2621/0.0016515347292937763,352/0.0016083363179910663,,,,
1911/0.0016326140268185885,1895/0.0016429775545305962,823/0.0016015786023692552,,,,
360/0.0016291985163022318,1283/0.0016386989671490061,579/0.0015745477398820102,,,,
2553/0.0016223674952695179,205/0.0016386989671490061,1560/0.001567790024260199,,,,
1527/0.0016223674952695179,1335/0.0016386989671490061,389/0.0015542745930165766,,,,
597/0.0016223674952695179,344/0.0016301417923858259,923/0.0015542745930165766,,,,
72/0.0016155364742368042,1233/0.0016301417923858259,1142/0.001534001446151143,,,,
1189/0.0016121209637204473,2206/0.0016258632050042358,2090/0.0015204860149075207,,,,
2472/0.0016087054532040903,375/0.0016258632050042358,60/0.0015069705836638983,,,,
696/0.0016087054532040903,473/0.0016215846176226457,1692/0.0015069705836638983,,,,
202/0.0016052899426877336,2343/0.0016215846176226457,1577/0.001493455152420276,,,,
2217/0.0016018744321713767,1276/0.0016215846176226457,1652/0.0014596665743112198,,,,
1998/0.0015984589216550197,189/0.0016215846176226457,112/0.0014461511430675974,,,,
862/0.0015984589216550197,1642/0.0016087488554778755,2489/0.0014393934274457862,,,,
366/0.0015950434111386628,519/0.0016087488554778755,882/0.0014258779962021638,,,,
382/0.0015950434111386628,2514/0.0016087488554778755,103/0.0014191202805803526,,,,
1224/0.0015847968795895922,372/0.0016001916807146953,1094/0.0014123625649585414,,,,
380/0.0015847968795895922,655/0.001591634505951515,1273/0.0014123625649585414,,,,
610/0.0015745503480405216,484/0.001587355918569925,1202/0.001398847133714919,,,,
2053/0.0015574727954587371,509/0.001587355918569925,1088/0.0013785739868494855,,,,
79/0.0015540572849423804,2378/0.0015745201564251548,1653/0.0013785739868494855,,,,
1517/0.0015540572849423804,2452/0.0015702415690435647,2246/0.0013583008399840517,,,,
954/0.0015301487113278823,184/0.0015659629816619745,2025/0.001331269977496807,,,,
895/0.0015199021797788115,1685/0.0015659629816619745,478/0.0013177545462531846,,,,
2125/0.0015130711587460978,1226/0.0015616843942803844,821/0.0013109968306313734,,,,
1187/0.0014959936061643133,336/0.0015574058068987943,1673/0.0013042391150095622,,,,
1034/0.0014891625851315997,742/0.001548848632135614,1321/0.0013042391150095622,,,,
70/0.0014857470746152427,2420/0.001548848632135614,1230/0.001297481399387751,,,,
1181/0.0014857470746152427,1378/0.001544570044754024,148/0.0012907236837659398,,,,
403/0.0014823315640988858,1285/0.0015402914573724338,1100/0.001270450536900506,,,,
672/0.001478916053582529,1926/0.0015402914573724338,596/0.0012501773900350725,,,,
1059/0.0014755005430661721,932/0.001536012869990844,1089/0.0012501773900350725,,,,
1465/0.0014720850325498152,627/0.0015317342826092538,2585/0.00123666195879145,,,,
290/0.0014652540115171015,1876/0.0015103413457013032,1722/0.0012028733806823942,,,,
1306/0.0014618385010007446,1516/0.001501784170938123,1156/0.0011826002338169606,,,,
1238/0.0014618385010007446,1430/0.001497505583556533,219/0.0011758425181951494,,,,
758/0.0014447609484189601,1525/0.0014889484087933528,1337/0.0011555693713297156,,,,
2295/0.0014413454379026032,1209/0.0014889484087933528,361/0.0011488116557079044,,,,
2335/0.0014413454379026032,95/0.0014761126466485825,2599/0.0011420539400860933,,,,
1767/0.0014345144168698895,2069/0.0014718340592669923,358/0.0011217807932206597,,,,
623/0.001420852374804462,630/0.0014675554718854022,6/0.001094749930733415,,,,
122/0.0014037748222226775,1896/0.0014632768845038123,599/0.001094749930733415,,,,
961/0.0014003593117063208,152/0.0014632768845038123,1442/0.0010879922151116037,,,,
608/0.0014003593117063208,762/0.0014589982971222222,770/0.00106771906824617,,,,
2174/0.001393528290673607,1765/0.0014589982971222222,2500/0.0010609613526243588,,,,
1222/0.0013901127801572502,1887/0.001454719709740632,515/0.0010609613526243588,,,,
26/0.0013901127801572502,891/0.001454719709740632,2071/0.0010609613526243588,,,,
1210/0.0013866972696408933,999/0.0014461625349774518,1243/0.0010542036370025476,,,,
144/0.0013866972696408933,609/0.0014418839475958617,537/0.0010474459213807364,,,,
2414/0.0013866972696408933,849/0.0014376053602142716,699/0.0010474459213807364,,,,
17/0.0013764507380918227,1972/0.0014376053602142716,1297/0.0010406882057589252,,,,
1213/0.0013764507380918227,283/0.0014376053602142716,1314/0.0010406882057589252,,,,
2062/0.0013730352275754657,848/0.0014333267728326815,1358/0.0010406882057589252,,,,
801/0.0013730352275754657,1901/0.0014290481854510914,619/0.0010204150588934916,,,,
688/0.0013730352275754657,1891/0.0014247695980695015,1842/0.0009933841964062469,,,,
982/0.0013696197170591088,1098/0.0014247695980695015,1015/0.0009866264807844357,,,,
1046/0.0013696197170591088,1265/0.0014162124233063212,1168/0.0009866264807844357,,,,
1159/0.0013559576749936813,1469/0.0014162124233063212,775/0.0009798687651626245,,,,
2080/0.0013559576749936813,147/0.0014162124233063212,268/0.0009798687651626245,,,,
0/0.0013525421644773243,520/0.0014033766611615509,817/0.000966353333919002,,,,
2042/0.0013525421644773243,2262/0.0014033766611615509,161/0.0009595956182971908,,,,
767/0.0013525421644773243,1490/0.0014033766611615509,1443/0.0009460801870535685,,,,
2468/0.0013491266539609676,1592/0.0014033766611615509,2482/0.0009393224714317572,,,,
778/0.0013422956329282537,2084/0.0014033766611615509,1791/0.0009393224714317572,,,,
1036/0.001338880122411897,700/0.0013948194863983706,584/0.0009258070401881348,,,,
279/0.001338880122411897,1123/0.0013948194863983706,229/0.0009190493245663236,,,,
463/0.001338880122411897,1452/0.0013948194863983706,121/0.0009122916089445124,,,,
1322/0.001338880122411897,2399/0.0013948194863983706,1294/0.0009055338933227012,,,,
1351/0.0013252180803464695,1658/0.0013948194863983706,208/0.0009055338933227012,,,,
1601/0.0013183870593137556,1750/0.0013905408990167805,2278/0.0009055338933227012,,,,
1175/0.0013149715487973986,356/0.0013862623116351906,1320/0.00089877617770089,,,,
193/0.001311556038281042,643/0.0013862623116351906,573/0.00089877617770089,,,,
165/0.001311556038281042,2635/0.0013734265494904203,253/0.0008920184620790788,,,,
390/0.001311556038281042,562/0.0013734265494904203,1780/0.0008920184620790788,,,,
1051/0.001308140527764685,171/0.0013691479621088301,2148/0.0008852607464572675,,,,
385/0.001304725017248328,185/0.0013691479621088301,1723/0.0008785030308354564,,,,
76/0.001304725017248328,158/0.00136059078734565,662/0.0008785030308354564,,,,
137/0.0012978939962156144,513/0.0013563121999640598,1910/0.0008717453152136452,,,,
1678/0.0012910629751829005,1551/0.0013563121999640598,2161/0.000864987599591834,,,,
459/0.0012876474646665438,2543/0.0013477550252008798,952/0.000864987599591834,,,,
988/0.0012876474646665438,66/0.0013477550252008798,1323/0.0008447144527264004,,,,
2461/0.0012876474646665438,2133/0.0013434764378192896,457/0.0008311990214827779,,,,
788/0.0012842319541501869,321/0.0013349192630561094,1067/0.0008109258746173444,,,,
572/0.0012842319541501869,2624/0.0013349192630561094,1870/0.000797410443373722,,,,
2081/0.0012842319541501869,2176/0.0013306406756745193,2238/0.000797410443373722,,,,
996/0.0012842319541501869,2601/0.001322083500911339,2596/0.000797410443373722,,,,
399/0.00128081644363383,941/0.001313526326148159,2112/0.000797410443373722,,,,
2000/0.00128081644363383,81/0.001313526326148159,2126/0.000797410443373722,,,,
2645/0.001277400933117473,549/0.001309247738766569,2201/0.0007906527277519108,,,,
249/0.0012739854226011163,638/0.001309247738766569,2222/0.0007838950121300995,,,,
24/0.0012637388910520454,1628/0.001309247738766569,646/0.0007838950121300995,,,,
773/0.0012637388910520454,1585/0.0013049691513849788,2488/0.0007838950121300995,,,,
1803/0.0012603233805356887,1686/0.0013006905640033887,2006/0.0007771372965082883,,,,
818/0.0012534923595029748,598/0.0013006905640033887,2303/0.0007771372965082883,,,,
445/0.0012534923595029748,1764/0.0012964119766217985,1145/0.0007501064340210436,,,,
1356/0.0012534923595029748,166/0.0012921333892402084,1576/0.0007501064340210436,,,,
37/0.0012500768489866181,126/0.0012921333892402084,564/0.0007433487183992324,,,,
1609/0.0012500768489866181,2328/0.0012921333892402084,285/0.0007433487183992324,,,,
1082/0.0012432458279539042,308/0.0012878548018586183,2024/0.0007365910027774211,,,,
2044/0.0012432458279539042,353/0.0012878548018586183,632/0.0007298332871556099,,,,
2631/0.0012432458279539042,41/0.0012878548018586183,2175/0.0007298332871556099,,,,
265/0.0012398303174375473,693/0.0012750190397138482,2476/0.0007298332871556099,,,,
2207/0.0012398303174375473,234/0.001270740452332258,2152/0.0007298332871556099,,,,
458/0.0012398303174375473,712/0.001270740452332258,109/0.0007095601402901763,,,,
246/0.0012329992964048337,2027/0.0012579046901874877,1776/0.0007028024246683651,,,,
1286/0.001222752764855763,2214/0.0012536261028058976,1813/0.0007028024246683651,,,,
1651/0.0012193372543394061,2316/0.0012536261028058976,653/0.0007028024246683651,,,,
1056/0.0012125062333066925,1861/0.0012536261028058976,1428/0.0007028024246683651,,,,
1832/0.0012090907227903355,1342/0.0012493475154243074,2563/0.0006892869934247428,,,,
1862/0.0012022597017576216,1473/0.0012450689280427173,1130/0.0006892869934247428,,,,
299/0.001198844191241265,1008/0.0012407903406611274,2011/0.0006825292778029315,,,,
1708/0.001195428680724908,858/0.0012407903406611274,1979/0.0006825292778029315,,,,
2504/0.001195428680724908,2370/0.0012407903406611274,1666/0.0006554984153156867,,,,
1040/0.001195428680724908,71/0.0012407903406611274,1092/0.0006554984153156867,,,,
1190/0.001188597659692194,303/0.0012365117532795373,2558/0.0006419829840720643,,,,
338/0.0011817666386594804,1466/0.0012322331658979472,50/0.000635225268450253,,,,
197/0.0011783511281431235,829/0.0012322331658979472,1155/0.0006284675528284418,,,,
220/0.0011749356176267666,2403/0.001227954578516357,1240/0.0006284675528284418,,,,
4/0.0011715201071104098,940/0.001227954578516357,2338/0.0006284675528284418,,,,
1183/0.001168104596594053,339/0.001227954578516357,8/0.0006284675528284418,,,,
838/0.001168104596594053,125/0.001223675991134767,1952/0.0006217098372066306,,,,
346/0.001164689086077696,218/0.0012151188163715867,1683/0.0006149521215848195,,,,
260/0.001164689086077696,119/0.0012151188163715867,1818/0.0006149521215848195,,,,
368/0.0011612735755613392,1740/0.0012151188163715867,1729/0.0006014366903411971,,,,
2391/0.0011612735755613392,69/0.0012151188163715867,962/0.0005946789747193859,,,,
2659/0.0011544425545286254,145/0.0012108402289899966,1084/0.0005946789747193859,,,,
431/0.0011441960229795548,1192/0.0012108402289899966,629/0.0005879212590975747,,,,
1492/0.001137365001946841,905/0.0012108402289899966,986/0.0005879212590975747,,,,
1078/0.0011305339809141272,830/0.0012022830542268166,1522/0.0005879212590975747,,,,
2597/0.0011134564283323428,483/0.0012022830542268166,2153/0.0005811635434757634,,,,
456/0.0011134564283323428,2007/0.0011980044668452264,1757/0.000567648112232141,,,,
159/0.001110040917815986,63/0.0011980044668452264,590/0.000567648112232141,,,,
1050/0.001110040917815986,2507/0.0011980044668452264,1574/0.000567648112232141,,,,
860/0.0011032098967832722,1398/0.0011980044668452264,1498/0.000567648112232141,,,,
2144/0.0011032098967832722,979/0.0011980044668452264,1951/0.0005608903966103298,,,,
1410/0.0010963788757505585,1989/0.0011894472920820462,1810/0.0005473749653667075,,,,
56/0.0010929633652342016,771/0.0011894472920820462,2371/0.0005473749653667075,,,,
369/0.0010861323442014877,733/0.0011894472920820462,2598/0.0005473749653667075,,,,
422/0.001082716833685131,149/0.0011894472920820462,1200/0.000533859534123085,,,,
1583/0.001079301323168774,2216/0.001185168704700456,2544/0.000533859534123085,,,,
255/0.001075885812652417,542/0.001180890117318866,1188/0.0005203441028794626,,,,
262/0.001075885812652417,132/0.0011766115299372759,2229/0.0005203441028794626,,,,
306/0.0010724703021360604,13/0.0011766115299372759,2628/0.0005203441028794626,,,,
1792/0.0010690547916197034,1064/0.0011723329425556857,949/0.0005135863872576514,,,,
510/0.0010588082600706328,1756/0.0011680543551740956,2419/0.0005068286716358402,,,,
935/0.001055392749554276,2538/0.0011637757677925057,2632/0.000500070956014029,,,,
2365/0.001051977239037919,1020/0.0011637757677925057,2171/0.000500070956014029,,,,
868/0.001048561728521562,1924/0.0011594971804109156,1055/0.000500070956014029,,,,
814/0.0010451462180052053,530/0.0011594971804109156,1245/0.000500070956014029,,,,
2146/0.0010417307074888484,1491/0.0011552185930293255,2454/0.000500070956014029,,,,
1007/0.0010383151969724914,310/0.0011552185930293255,1045/0.0004865555247704066,,,,
686/0.0010348996864561347,2440/0.0011552185930293255,254/0.0004865555247704066,,,,
1727/0.0010348996864561347,864/0.0011509400056477354,1855/0.0004865555247704066,,,,
944/0.0010348996864561347,104/0.0011509400056477354,763/0.0004865555247704066,,,,
1069/0.0010314841759397778,784/0.0011466614182661452,1945/0.0004865555247704066,,,,
156/0.0010246531549070639,449/0.001138104243502965,383/0.0004797978091485954,,,,
1260/0.0010212376443907072,2480/0.0011338256561213749,1201/0.0004797978091485954,,,,
2268/0.0010178221338743502,1003/0.001129547068739785,1103/0.0004797978091485954,,,,
808/0.0010178221338743502,678/0.0011252684813581949,2263/0.0004797978091485954,,,,
505/0.0010144066233579933,1649/0.0011252684813581949,354/0.0004797978091485954,,,,
2382/0.0010075756023252796,792/0.0011209898939766047,2057/0.0004797978091485954,,,,
2367/0.0010075756023252796,2132/0.0011209898939766047,1874/0.00047304009352678423,,,,
796/0.0010075756023252796,1617/0.0011209898939766047,2609/0.000466282377904973,,,,
1138/0.0010007445812925658,2375/0.0011167113065950146,309/0.000466282377904973,,,,
1681/0.0010007445812925658,1610/0.0011124327192134245,1484/0.000466282377904973,,,,
1928/0.0010007445812925658,1802/0.0011081541318318344,2109/0.000466282377904973,,,,
241/0.0009973290707762088,1035/0.0011081541318318344,2141/0.000466282377904973,,,,
238/0.0009973290707762088,453/0.0011038755444502443,1437/0.000466282377904973,,,,
1689/0.0009973290707762088,1774/0.0011038755444502443,831/0.0004595246622831618,,,,
1318/0.0009973290707762088,384/0.001095318369687064,2332/0.0004595246622831618,,,,
1388/0.000993913560259852,320/0.001095318369687064,2275/0.0004527669466613506,,,,
1624/0.0009904980497434952,951/0.0010910397823054741,1174/0.0004527669466613506,,,,
625/0.0009904980497434952,1268/0.001086761194923884,2381/0.0004460092310395394,,,,
757/0.0009870825392271382,251/0.0010824826075422939,1132/0.0004392515154177282,,,,
2158/0.0009870825392271382,2529/0.0010782040201607038,1383/0.0004392515154177282,,,,
1116/0.0009836670287107815,2657/0.0010739254327791136,1742/0.0004392515154177282,,,,
2447/0.0009836670287107815,1873/0.0010739254327791136,659/0.000432493799795917,,,,
258/0.0009836670287107815,2294/0.0010739254327791136,2502/0.000432493799795917,,,,
2351/0.0009836670287107815,1495/0.0010696468453975235,2004/0.000432493799795917,,,,
687/0.0009802515181944246,722/0.0010696468453975235,1344/0.0004257360841741058,,,,
1212/0.0009768360076780676,1005/0.0010696468453975235,460/0.0004257360841741058,,,,
2309/0.0009768360076780676,16/0.0010696468453975235,1638/0.0004257360841741058,,,,
1828/0.0009768360076780676,2424/0.0010653682580159334,1730/0.0004257360841741058,,,,
29/0.0009768360076780676,222/0.0010653682580159334,1789/0.00041897836855229456,,,,
2193/0.0009768360076780676,141/0.0010610896706343433,1195/0.00041897836855229456,,,,
1391/0.0009734204971617108,428/0.0010610896706343433,1677/0.00041897836855229456,,,,
1597/0.0009700049866453539,2436/0.0010610896706343433,1246/0.00041222065293048337,,,,
480/0.0009700049866453539,1514/0.0010568110832527532,2376/0.00041222065293048337,,,,
379/0.000966589476128997,650/0.0010568110832527532,2059/0.00041222065293048337,,,,
43/0.0009631739656126401,2638/0.0010525324958711633,1827/0.0004054629373086722,,,,
1436/0.0009631739656126401,1131/0.0010482539084895731,874/0.000398705221686861,,,,
604/0.0009631739656126401,1149/0.0010482539084895731,1674/0.00038518979044323856,,,,
1778/0.0009631739656126401,176/0.0010482539084895731,2041/0.00037843207482142737,,,,
1102/0.0009597584550962833,1799/0.001043975321107983,953/0.0003716743591996162,,,,
594/0.0009597584550962833,1223/0.001043975321107983,1553/0.0003716743591996162,,,,
876/0.0009529274340635695,1720/0.001039696733726393,442/0.00036491664357780494,,,,
1912/0.0009460964130308557,502/0.001039696733726393,880/0.00036491664357780494,,,,
798/0.0009426809025144989,2511/0.0010354181463448028,1882/0.00036491664357780494,,,,
924/0.0009426809025144989,2446/0.0010354181463448028,1521/0.00036491664357780494,,,,
406/0.000939265391998142,1867/0.0010354181463448028,518/0.00036491664357780494,,,,
401/0.0009358498814817851,825/0.0010183037968184425,1633/0.00035815892795599375,,,,
2572/0.0009358498814817851,1021/0.0010140252094368524,1234/0.00035815892795599375,,,,
273/0.0009324343709654282,1607/0.0010054680346736722,1550/0.00035815892795599375,,,,
367/0.0009324343709654282,816/0.001001189447292082,100/0.00035140121233418256,,,,
884/0.0009324343709654282,2102/0.001001189447292082,1849/0.00035140121233418256,,,,
495/0.0009290188604490714,1362/0.000996910859910492,1409/0.00035140121233418256,,,,
311/0.0009256033499327144,521/0.0009926322725289018,2063/0.0003446434967123714,,,,
552/0.0009221878394163576,2173/0.0009926322725289018,2281/0.0003446434967123714,,,,
911/0.0009187723289000007,713/0.0009926322725289018,2477/0.00033112806546874894,,,,
566/0.0009119413078672869,1877/0.0009883536851473117,1464/0.00033112806546874894,,,,
769/0.00090852579735093,2582/0.0009883536851473117,2576/0.00033112806546874894,,,,
2/0.0009016947763182163,47/0.0009883536851473117,2410/0.00032437034984693776,,,,
1031/0.0009016947763182163,106/0.0009883536851473117,2430/0.00032437034984693776,,,,
633/0.0008982792658018595,1266/0.0009797965103841317,1992/0.00032437034984693776,,,,
2361/0.0008982792658018595,1627/0.0009755179230025414,844/0.0003176126342251265,,,,
795/0.0008982792658018595,656/0.0009669607482393613,1359/0.0003176126342251265,,,,
1751/0.0008982792658018595,1062/0.0009626821608577712,2318/0.0003108549186033153,,,,
1604/0.0008948637552855025,1269/0.0009584035734761811,2177/0.00030409720298150414,,,,
1647/0.0008914482447691457,2058/0.0009584035734761811,170/0.00030409720298150414,,,,
2165/0.0008914482447691457,1985/0.0009584035734761811,1386/0.00030409720298150414,,,,
1807/0.0008914482447691457,2259/0.0009541249860945911,2033/0.00030409720298150414,,,,
1602/0.0008880327342527887,1892/0.0009541249860945911,1656/0.00030409720298150414,,,,
1578/0.0008880327342527887,1352/0.0009498463987130009,1806/0.00030409720298150414,,,,
51/0.0008846172237364319,2408/0.0009498463987130009,1798/0.00029733948735969295,,,,
593/0.0008777862027037182,2671/0.0009498463987130009,1564/0.0002905817717378817,,,,
2495/0.0008777862027037182,347/0.0009455678113314108,2330/0.0002838240561160705,,,,
2438/0.0008777862027037182,2542/0.0009455678113314108,2666/0.0002838240561160705,,,,
1707/0.0008743706921873612,416/0.0009455678113314108,2451/0.0002838240561160705,,,,
740/0.0008743706921873612,787/0.0009455678113314108,2610/0.0002770663404942593,,,,
723/0.0008709551816710044,1118/0.0009455678113314108,233/0.0002770663404942593,,,,
1449/0.0008709551816710044,332/0.0009412892239498207,2481/0.00027030862487244814,,,,
35/0.0008709551816710044,1317/0.0009412892239498207,2349/0.0002635509092506369,,,,
2072/0.0008675396711546474,805/0.0009370106365682306,2498/0.0002635509092506369,,,,
2197/0.0008675396711546474,1886/0.0009327320491866406,1761/0.0002635509092506369,,,,
603/0.0008675396711546474,1023/0.0009284534618050505,1308/0.0002567931936288257,,,,
569/0.0008641241606382906,174/0.0009284534618050505,2169/0.0002567931936288257,,,,
1982/0.0008641241606382906,2032/0.0009284534618050505,2317/0.0002500354780070145,,,,
1483/0.0008607086501219337,414/0.0009284534618050505,1027/0.0002432777623852033,,,,
87/0.0008572931396055768,1120/0.0009284534618050505,2298/0.0002432777623852033,,,,
2622/0.0008504621185728631,34/0.0009241748744234603,1958/0.0002432777623852033,,,,
2237/0.0008504621185728631,2450/0.0009241748744234603,467/0.00023652004676339211,,,,
563/0.0008470466080565062,1526/0.0009198962870418702,888/0.00023652004676339211,,,,
404/0.0008470466080565062,648/0.0009198962870418702,2296/0.0002297623311415809,,,,
601/0.0008436310975401493,2383/0.0009156176996602802,1397/0.0002297623311415809,,,,
2568/0.0008436310975401493,1044/0.0009156176996602802,1025/0.0002297623311415809,,,,
1419/0.0008436310975401493,133/0.0009156176996602802,2483/0.0002230046155197697,,,,
697/0.0008436310975401493,2119/0.0009156176996602802,1253/0.0002230046155197697,,,,
2145/0.0008402155870237925,934/0.0009113391122786901,1029/0.0002230046155197697,,,,
1361/0.0008402155870237925,142/0.0009113391122786901,2083/0.0002230046155197697,,,,
1618/0.0008333845659910787,977/0.0009113391122786901,1095/0.0002162468998979585,,,,
212/0.0008299690554747218,2586/0.0009113391122786901,2506/0.0002162468998979585,,,,
2055/0.000826553544958365,2307/0.0009027819375155098,2314/0.00020948918427614728,,,,
1905/0.000826553544958365,1933/0.0009027819375155098,1331/0.00020948918427614728,,,,
936/0.000826553544958365,1949/0.0008985033501339198,2565/0.00020948918427614728,,,,
1083/0.0008197225239256512,1048/0.0008985033501339198,1847/0.0002027314686543361,,,,
429/0.0008163070134092942,1787/0.0008985033501339198,2261/0.0002027314686543361,,,,
84/0.0008163070134092942,894/0.0008985033501339198,1373/0.0002027314686543361,,,,
1284/0.0008128915028929374,138/0.0008942247627523297,323/0.00018921603741071369,,,,
2127/0.0008128915028929374,551/0.0008942247627523297,877/0.00018921603741071369,,,,
2448/0.0008094759923765806,2098/0.0008899461753707396,2117/0.00016218517492346888,,,,
1943/0.0008060604818602236,1543/0.0008899461753707396,1965/0.00016218517492346888,,,,
33/0.0008060604818602236,750/0.0008899461753707396,1938/0.00016218517492346888,,,,
1844/0.0008026449713438668,488/0.0008856675879891495,1768/0.00015542745930165766,,,,
2231/0.0008026449713438668,2456/0.0008856675879891495,2385/0.00014866974367984647,,,,
2067/0.0007992294608275099,644/0.0008856675879891495,2530/0.00014866974367984647,,,,
64/0.000795813950311153,1127/0.0008813890006075594,2373/0.00014866974367984647,,,,
1151/0.0007923984397947961,1909/0.0008813890006075594,2469/0.00014866974367984647,,,,
1731/0.0007923984397947961,718/0.0008771104132259693,2322/0.00014866974367984647,,,,
2550/0.0007923984397947961,192/0.0008771104132259693,2398/0.00014866974367984647,,,,
415/0.0007889829292784393,1962/0.0008728318258443792,1811/0.00014866974367984647,,,,
1166/0.0007889829292784393,1203/0.0008728318258443792,2422/0.00013515431243622407,,,,
1364/0.0007889829292784393,2002/0.0008685532384627891,2663/0.00013515431243622407,,,,
1726/0.0007855674187620823,1124/0.0008685532384627891,2571/0.00013515431243622407,,,,
2634/0.0007821519082457255,402/0.000864274651081199,1872/0.00013515431243622407,,,,
647/0.0007821519082457255,2203/0.000864274651081199,1438/0.00013515431243622407,,,,
871/0.0007787363977293686,1499/0.000859996063699609,1612/0.00013515431243622407,,,,
27/0.0007719053766966548,1109/0.000859996063699609,2580/0.00012163888119260165,,,,
1387/0.0007719053766966548,859/0.000859996063699609,1994/0.00011488116557079045,,,,
2431/0.0007719053766966548,19/0.0008557174763180189,2304/0.00011488116557079045,,,,
83/0.0007719053766966548,291/0.0008557174763180189,2397/0.00010812344994897925,,,,
2142/0.000768489866180298,2562/0.0008557174763180189,1694/0.00010812344994897925,,,,
2228/0.000768489866180298,2047/0.0008514388889364287,1304/0.00010136573432716805,,,,
2432/0.0007650743556639411,2552/0.0008471603015548386,2528/0.00010136573432716805,,,,
203/0.0007650743556639411,1140/0.0008471603015548386,1552/0.00010136573432716805,,,,
187/0.0007650743556639411,1919/0.0008386031267916585,1990/0.00010136573432716805,,,,
186/0.0007582433346312274,1944/0.0008386031267916585,2039/0.00010136573432716805,,,,
1079/0.0007582433346312274,2239/0.0008386031267916585,1018/9.460801870535684e-05,,,,
960/0.0007548278241148704,797/0.0008386031267916585,2584/9.460801870535684e-05,,,,
2512/0.0007548278241148704,611/0.0008343245394100684,1766/8.109258746173444e-05,,,,
1370/0.0007548278241148704,2345/0.0008343245394100684,1915/7.433487183992324e-05,,,,
1325/0.0007514123135985136,2496/0.0008343245394100684,2212/5.4061724974489624e-05,,,,
425/0.0007479968030821567,1838/0.0008300459520284783,2252/4.730400935267842e-05,,,,
447/0.0007479968030821567,2269/0.0008300459520284783,2357/4.054629373086722e-05,,,,
2068/0.0007479968030821567,1032/0.0008300459520284783,2434/4.054629373086722e-05,,,,
785/0.0007479968030821567,1418/0.0008300459520284783,2266/4.054629373086722e-05,,,,
1878/0.0007445812925657998,628/0.0008257673646468881,2547/3.378857810905602e-05,,,,
1177/0.0007445812925657998,2566/0.0008214887772652981,1645/2.027314686543361e-05,,,,
1904/0.0007445812925657998,727/0.0008214887772652981,2640/2.027314686543361e-05,,,,
96/0.0007445812925657998,1822/0.000817210189883708,1700/1.3515431243622406e-05,,,,
61/0.0007445812925657998,1819/0.000817210189883708,2288/1.3515431243622406e-05,,,,
1984/0.0007377502715330861,1229/0.000817210189883708,,,,,
1057/0.0007343347610167291,972/0.000817210189883708,,,,,
1823/0.0007343347610167291,741/0.0008129316025021179,,,,,
392/0.0007343347610167291,1991/0.0008129316025021179,,,,,
15/0.0007309192505003723,2016/0.0008129316025021179,,,,,
2160/0.0007275037399840154,1724/0.0008129316025021179,,,,,
651/0.0007240882294676585,1854/0.0008129316025021179,,,,,
1104/0.0007240882294676585,2030/0.0008129316025021179,,,,,
200/0.0007240882294676585,494/0.0008043744277389378,,,,,
1441/0.0007206727189513016,1280/0.0008043744277389378,,,,,
1456/0.0007206727189513016,971/0.0008043744277389378,,,,,
1561/0.0007172572084349448,1110/0.0008043744277389378,,,,,
1794/0.0007172572084349448,1455/0.0008000958403573476,,,,,
2178/0.0007172572084349448,1848/0.0008000958403573476,,,,,
2166/0.0007172572084349448,674/0.0008000958403573476,,,,,
32/0.000710426187402231,1546/0.0008000958403573476,,,,,
1009/0.0007070106768858742,1207/0.0008000958403573476,,,,,
479/0.0007070106768858742,1539/0.0007958172529757575,,,,,
2449/0.0007070106768858742,1641/0.0007958172529757575,,,,,
272/0.0007070106768858742,751/0.0007915386655941674,,,,,
2519/0.0007035951663695172,492/0.0007915386655941674,,,,,
2211/0.0007035951663695172,1199/0.0007915386655941674,,,,,
793/0.0007035951663695172,872/0.0007872600782125774,,,,,
454/0.0007001796558531604,2423/0.0007872600782125774,,,,,
1900/0.0006967641453368035,913/0.0007829814908309873,,,,,
906/0.0006899331243040897,1739/0.0007829814908309873,,,,,
28/0.0006899331243040897,1946/0.0007829814908309873,,,,,
1614/0.0006899331243040897,1141/0.0007787029034493971,,,,,
554/0.0006865176137877329,843/0.0007787029034493971,,,,,
376/0.0006831021032713759,1544/0.0007787029034493971,,,,,
2241/0.0006796865927550191,2023/0.000774424316067807,,,,,
1973/0.0006796865927550191,1349/0.0007701457286862169,,,,,
2548/0.0006762710822386622,42/0.0007701457286862169,,,,,
2086/0.0006762710822386622,1995/0.0007658671413046269,,,,,
666/0.0006762710822386622,2407/0.0007658671413046269,,,,,
2066/0.0006762710822386622,2602/0.0007658671413046269,,,,,
2213/0.0006762710822386622,2289/0.0007658671413046269,,,,,
1164/0.0006762710822386622,1698/0.0007615885539230368,,,,,
1600/0.0006728555717223053,967/0.0007615885539230368,,,,,
462/0.0006728555717223053,1290/0.0007573099665414467,,,,,
1112/0.0006728555717223053,2226/0.0007573099665414467,,,,,
411/0.0006694400612059485,1037/0.0007573099665414467,,,,,
2051/0.0006694400612059485,1249/0.0007530313791598565,,,,,
833/0.0006694400612059485,546/0.0007530313791598565,,,,,
2623/0.0006660245506895916,1369/0.0007530313791598565,,,,,
252/0.0006660245506895916,1196/0.0007487527917782665,,,,,
2350/0.0006660245506895916,501/0.0007487527917782665,,,,,
883/0.0006660245506895916,1482/0.0007487527917782665,,,,,
667/0.000655778019140521,436/0.0007444742043966764,,,,,
1194/0.000652362508624164,2138/0.0007444742043966764,,,,,
1930/0.0006455314875914503,1691/0.0007401956170150863,,,,,
1559/0.0006455314875914503,1301/0.0007401956170150863,,,,,
296/0.0006421159770750934,2135/0.0007401956170150863,,,,,
2015/0.0006421159770750934,108/0.0007359170296334962,,,,,
2589/0.0006421159770750934,2022/0.0007316384422519062,,,,,
2017/0.0006421159770750934,2110/0.000727359854870316,,,,,
2179/0.0006421159770750934,2463/0.000727359854870316,,,,,
1372/0.0006387004665587365,908/0.0007230812674887259,,,,,
983/0.0006352849560423797,2491/0.0007188026801071358,,,,,
2523/0.0006352849560423797,1520/0.0007188026801071358,,,,,
541/0.0006352849560423797,652/0.0007188026801071358,,,,,
485/0.0006352849560423797,2557/0.0007188026801071358,,,,,
25/0.0006318694455260227,1654/0.0007145240927255457,,,,,
1108/0.0006318694455260227,1816/0.0007145240927255457,,,,,
1906/0.0006318694455260227,2662/0.0007102455053439557,,,,,
1980/0.0006318694455260227,2417/0.0007059669179623656,,,,,
1650/0.0006284539350096659,2103/0.0007016883305807754,,,,,
1969/0.0006216229139769521,2606/0.0007016883305807754,,,,,
2359/0.0006182074034605953,1227/0.0007016883305807754,,,,,
1966/0.0006113763824278815,2537/0.0006974097431991853,,,,,
2396/0.0006113763824278815,1613/0.0006974097431991853,,,,,
1471/0.0006113763824278815,130/0.0006974097431991853,,,,,
2471/0.0006113763824278815,1401/0.0006931311558175953,,,,,
1427/0.0006113763824278815,18/0.0006845739810544151,,,,,
1752/0.0006079608719115246,1339/0.000680295393672825,,,,,
1500/0.0006079608719115246,250/0.000680295393672825,,,,,
1150/0.0006079608719115246,1463/0.000680295393672825,,,,,
978/0.0006045453613951678,2415/0.000680295393672825,,,,,
204/0.0006011298508788108,143/0.000680295393672825,,,,,
1042/0.0006011298508788108,675/0.000680295393672825,,,,,
2180/0.0006011298508788108,1355/0.0006760168062912349,,,,,
2128/0.000597714340362454,1741/0.0006760168062912349,,,,,
685/0.000597714340362454,1701/0.0006760168062912349,,,,,
2005/0.000597714340362454,841/0.0006760168062912349,,,,,
2156/0.000594298829846097,1480/0.0006760168062912349,,,,,
1977/0.0005908833193297402,1531/0.0006760168062912349,,,,,
1049/0.0005908833193297402,1940/0.0006760168062912349,,,,,
945/0.0005908833193297402,539/0.0006760168062912349,,,,,
1670/0.0005908833193297402,2593/0.0006760168062912349,,,,,
720/0.0005806367877806696,1028/0.0006717382189096448,,,,,
2120/0.0005806367877806696,1128/0.0006717382189096448,,,,,
1357/0.0005806367877806696,635/0.0006717382189096448,,,,,
2490/0.0005772212772643127,1380/0.0006717382189096448,,,,,
474/0.0005738057667479559,2539/0.0006674596315280547,,,,,
2249/0.0005738057667479559,1737/0.0006589024567648745,,,,,
1661/0.0005669747457152421,1718/0.0006589024567648745,,,,,
1859/0.0005635592351988852,1105/0.0006589024567648745,,,,,
377/0.0005635592351988852,1528/0.0006546238693832844,,,,,
2673/0.0005635592351988852,398/0.0006503452820016943,,,,,
175/0.0005635592351988852,1488/0.0006460666946201042,,,,,
2393/0.0005635592351988852,1950/0.0006460666946201042,,,,,
2045/0.0005601437246825283,679/0.0006460666946201042,,,,,
1129/0.0005601437246825283,1917/0.0006417881072385141,,,,,
1389/0.0005567282141661714,799/0.0006375095198569241,,,,,
1000/0.0005567282141661714,400/0.0006375095198569241,,,,,
325/0.0005498971931334576,766/0.000633230932475334,,,,,
1076/0.0005498971931334576,280/0.000633230932475334,,,,,
2493/0.0005498971931334576,266/0.0006289523450937438,,,,,
160/0.0005464816826171008,2494/0.0006246737577121537,,,,,
2286/0.0005464816826171008,2521/0.0006203951703305637,,,,,
2308/0.0005464816826171008,2642/0.0006203951703305637,,,,,
1840/0.0005430661721007438,2198/0.0006203951703305637,,,,,
2256/0.0005430661721007438,182/0.0006161165829489736,,,,,
1440/0.0005430661721007438,602/0.0006161165829489736,,,,,
2416/0.000539650661584387,1804/0.0006118379955673835,,,,,
1688/0.000539650661584387,1403/0.0006118379955673835,,,,,
2487/0.0005362351510680302,1001/0.0006075594081857934,,,,,
2342/0.0005328196405516732,209/0.0006032808208042032,,,,,
2050/0.0005328196405516732,2079/0.0006032808208042032,,,,,
1411/0.0005294041300353164,1208/0.0006032808208042032,,,,,
2035/0.0005294041300353164,1894/0.0006032808208042032,,,,,
1902/0.0005294041300353164,1435/0.0006032808208042032,,,,,
965/0.0005259886195189595,92/0.0005990022334226132,,,,,
2036/0.0005259886195189595,2352/0.0005990022334226132,,,,,
804/0.0005259886195189595,1777/0.0005990022334226132,,,,,
1569/0.0005225731090026027,2353/0.0005947236460410231,,,,,
1920/0.0005191575984862457,1178/0.000590445058659433,,,,,
1903/0.0005191575984862457,2101/0.000590445058659433,,,,,
2185/0.0005157420879698889,1143/0.000590445058659433,,,,,
1687/0.0005157420879698889,2607/0.000590445058659433,,,,,
2573/0.0005157420879698889,1114/0.0005861664712778429,,,,,
1408/0.0005123265774535319,729/0.0005861664712778429,,,,,
1381/0.0005123265774535319,703/0.0005861664712778429,,,,,
1244/0.0005123265774535319,1054/0.0005861664712778429,,,,,
1119/0.0005089110669371751,1295/0.0005818878838962529,,,,,
235/0.0005089110669371751,465/0.0005818878838962529,,,,,
2546/0.0005089110669371751,1518/0.0005818878838962529,,,,,
1475/0.0005089110669371751,2387/0.0005818878838962529,,,,,
725/0.0005054955564208182,994/0.0005776092965146627,,,,,
2220/0.0005020800459044613,1508/0.0005733307091330726,,,,,
2329/0.0005020800459044613,1590/0.0005733307091330726,,,,,
1309/0.0005020800459044613,1162/0.0005690521217514825,,,,,
1524/0.0005020800459044613,582/0.0005690521217514825,,,,,
1205/0.0005020800459044613,2230/0.0005647735343698925,,,,,
2526/0.0005020800459044613,1735/0.0005647735343698925,,,,,
1316/0.0005020800459044613,188/0.0005647735343698925,,,,,
1481/0.0004986645353881044,577/0.0005647735343698925,,,,,
2074/0.0004986645353881044,2251/0.0005562163596067122,,,,,
2147/0.0004986645353881044,1788/0.0005562163596067122,,,,,
1599/0.0004952490248717476,642/0.0005562163596067122,,,,,
920/0.0004952490248717476,2151/0.0005562163596067122,,,,,
2421/0.0004918335143553908,2336/0.0005519377722251221,,,,,
1964/0.0004918335143553908,1167/0.000547659184843532,,,,,
1453/0.0004918335143553908,1863/0.000547659184843532,,,,,
2321/0.0004918335143553908,714/0.000547659184843532,,,,,
607/0.0004884180038390338,1829/0.0005391020100803519,,,,,
2374/0.00048500249332267693,1360/0.0005391020100803519,,,,,
326/0.00048500249332267693,561/0.0005348234226987618,,,,,
1746/0.00048158698280632004,811/0.0005305448353171716,,,,,
102/0.00048158698280632004,2355/0.0005305448353171716,,,,,
2603/0.00048158698280632004,1655/0.0005262662479355816,,,,,
1572/0.00048158698280632004,2649/0.0005262662479355816,,,,,
1993/0.00048158698280632004,409/0.0005219876605539915,,,,,
2630/0.00048158698280632004,529/0.0005219876605539915,,,,,
565/0.00048158698280632004,1107/0.0005219876605539915,,,,,
2210/0.00048158698280632004,1960/0.0005219876605539915,,,,,
1293/0.00047817147228996316,2409/0.0005219876605539915,,,,,
1292/0.0004747559617736063,1363/0.0005177090731724014,,,,,
2615/0.0004747559617736063,746/0.0005177090731724014,,,,,
2406/0.00047134045125724945,1460/0.0005134304857908113,,,,,
2253/0.00046792494074089256,1736/0.0005134304857908113,,,,,
842/0.00046792494074089256,1512/0.0005091518984092213,,,,,
216/0.00046792494074089256,2029/0.0005091518984092213,,,,,
1180/0.00046792494074089256,322/0.0005091518984092213,,,,,
2282/0.0004645094302245357,1690/0.0005048733110276311,,,,,
1779/0.0004645094302245357,2189/0.0005048733110276311,,,,,
2157/0.0004645094302245357,840/0.0005048733110276311,,,,,
116/0.0004610939197081788,2159/0.0005048733110276311,,,,,
2285/0.0004576784091918219,1270/0.0005048733110276311,,,,,
1454/0.0004576784091918219,2190/0.000500594723646041,,,,,
167/0.0004576784091918219,1954/0.000500594723646041,,,,,
1329/0.000454262898675465,1836/0.0004963161362644509,,,,,
153/0.000454262898675465,1272/0.0004963161362644509,,,,,
890/0.000454262898675465,68/0.0004963161362644509,,,,,
2313/0.000454262898675465,2647/0.0004963161362644509,,,,,
790/0.00045084738815910814,1625/0.0004920375488828608,,,,,
2170/0.00045084738815910814,1485/0.0004877589615012707,,,,,
1619/0.00045084738815910814,1299/0.0004877589615012707,,,,,
2637/0.00045084738815910814,2291/0.0004877589615012707,,,,,
223/0.00045084738815910814,2466/0.00048348037411968066,,,,,
472/0.00045084738815910814,2402/0.00048348037411968066,,,,,
702/0.00044743187764275126,1639/0.00048348037411968066,,,,,
743/0.00044743187764275126,2250/0.00048348037411968066,,,,,
950/0.00044743187764275126,1407/0.00048348037411968066,,,,,
854/0.00044743187764275126,896/0.00047492319935650047,,,,,
737/0.0004440163671263944,783/0.0004663660245933203,,,,,
2320/0.0004440163671263944,1568/0.0004663660245933203,,,,,
1121/0.0004440163671263944,1711/0.0004663660245933203,,,,,
966/0.0004440163671263944,2073/0.0004578088498301401,,,,,
641/0.0004440163671263944,670/0.00045353026244855,,,,,
1549/0.0004406008566100375,333/0.00045353026244855,,,,,
1640/0.0004406008566100375,2199/0.0004492516750669599,,,,,
1458/0.0004406008566100375,613/0.0004492516750669599,,,,,
2124/0.0004406008566100375,1379/0.0004492516750669599,,,,,
1529/0.0004371853460936806,2091/0.0004449730876853698,,,,,
418/0.0004371853460936806,304/0.0004449730876853698,,,,,
2202/0.0004337698355773237,683/0.0004449730876853698,,,,,
2418/0.0004337698355773237,600/0.0004406945003037797,,,,,
1038/0.0004337698355773237,973/0.0004406945003037797,,,,,
1567/0.0004337698355773237,970/0.0004364159129221896,,,,,
974/0.0004337698355773237,146/0.0004364159129221896,,,,,
987/0.00043035432506096684,1858/0.0004364159129221896,,,,,
538/0.00043035432506096684,2283/0.0004364159129221896,,,,,
620/0.00043035432506096684,2038/0.0004321373255405995,,,,,
1239/0.00043035432506096684,1211/0.0004321373255405995,,,,,
1486/0.00043035432506096684,1324/0.00042785873815900943,,,,,
1956/0.00043035432506096684,2527/0.00042785873815900943,,,,,
2134/0.00042693881454461,1760/0.0004235801507774193,,,,,
1533/0.00042693881454461,856/0.0004235801507774193,,,,,
1097/0.0004235233040282531,2636/0.00041930156339582925,,,,,
2122/0.0004235233040282531,1996/0.00041930156339582925,,,,,
2429/0.00042010779351189624,210/0.0004150229760142391,,,,,
391/0.00042010779351189624,2404/0.0004150229760142391,,,,,
605/0.00042010779351189624,1589/0.0004150229760142391,,,,,
928/0.00042010779351189624,1800/0.00041074438863264906,,,,,
2236/0.00041669228299553936,2097/0.00041074438863264906,,,,,
2457/0.00041669228299553936,991/0.00040646580125105894,,,,,
489/0.0004132767724791825,2293/0.00040646580125105894,,,,,
3/0.0004132767724791825,1850/0.00040646580125105894,,,,,
1400/0.0004132767724791825,2077/0.0004021872138694689,,,,,
1171/0.0004132767724791825,873/0.0004021872138694689,,,,,
2592/0.0004132767724791825,424/0.0004021872138694689,,,,,
732/0.0004132767724791825,1513/0.0003936300391062887,,,,,
1433/0.0004098612619628256,10/0.0003936300391062887,,,,,
2245/0.0004098612619628256,2625/0.0003936300391062887,,,,,
1725/0.0004064457514464687,1875/0.0003936300391062887,,,,,
1864/0.0004064457514464687,154/0.0003936300391062887,,,,,
1348/0.0004064457514464687,640/0.0003936300391062887,,,,,
232/0.0004064457514464687,2344/0.0003893514517246986,,,,,
1153/0.0004064457514464687,1277/0.0003893514517246986,,,,,
1786/0.0004030302409301118,493/0.0003893514517246986,,,,,
1367/0.00039961473041375494,1565/0.00038507286434310845,,,,,
624/0.00039961473041375494,2613/0.00038507286434310845,,,,,
753/0.00039961473041375494,531/0.00038507286434310845,,,,,
1833/0.00039961473041375494,1820/0.0003807942769615184,,,,,
2626/0.00039619921989739805,350/0.00037651568957992827,,,,,
1637/0.00039619921989739805,1629/0.00037651568957992827,,,,,
1390/0.00039619921989739805,878/0.0003722371021983382,,,,,
2235/0.00039278370938104117,2215/0.0003722371021983382,,,,,
1091/0.00039278370938104117,2191/0.000363679927435158,,,,,
532/0.00039278370938104117,2366/0.000363679927435158,,,,,
2532/0.00039278370938104117,177/0.000363679927435158,,,,,
117/0.00039278370938104117,2390/0.000363679927435158,,,,,
776/0.0003893681988646843,993/0.0003594013400535679,,,,,
2012/0.0003893681988646843,2326/0.0003594013400535679,,,,,
616/0.0003859526883483274,2658/0.0003594013400535679,,,,,
2380/0.0003859526883483274,997/0.0003594013400535679,,,,,
1845/0.00038253717783197057,885/0.00035512275267197784,,,,,
1545/0.0003791216673156137,1712/0.00035512275267197784,,,,,
927/0.0003791216673156137,2255/0.00035512275267197784,,,,,
1714/0.0003791216673156137,1530/0.0003508441652903877,,,,,
2048/0.0003791216673156137,1668/0.0003508441652903877,,,,,
2467/0.0003791216673156137,1393/0.0003508441652903877,,,,,
2618/0.0003757061567992568,2377/0.00034656557790879765,,,,,
1041/0.0003757061567992568,2010/0.00034656557790879765,,,,,
1693/0.0003757061567992568,1106/0.00034228699052720753,,,,,
1311/0.00036887513576654304,1250/0.00034228699052720753,,,,,
438/0.00036887513576654304,1163/0.00033800840314561747,,,,,
1942/0.00036887513576654304,435/0.00033800840314561747,,,,,
2258/0.00036545962525018615,968/0.00032945122838243723,,,,,
1566/0.00036545962525018615,297/0.00032945122838243723,,,,,
738/0.00036204411473382927,2560/0.00032517264100084716,,,,,
1494/0.0003586286042174724,615/0.00032517264100084716,,,,,
497/0.0003586286042174724,2549/0.00032517264100084716,,,,,
1669/0.0003552130937011155,1801/0.00032517264100084716,,,,,
806/0.0003552130937011155,1185/0.00032089405361925705,,,,,
1385/0.0003552130937011155,2013/0.00032089405361925705,,,,,
851/0.0003517975831847586,1889/0.00032089405361925705,,,,,
847/0.0003517975831847586,2646/0.000316615466237667,,,,,
916/0.00034838207266840173,2116/0.000316615466237667,,,,,
2188/0.00034838207266840173,2232/0.00031233687885607686,,,,,
1420/0.00034838207266840173,2297/0.00031233687885607686,,,,,
2485/0.00034496656215204485,286/0.00031233687885607686,,,,,
1738/0.00034496656215204485,1763/0.00031233687885607686,,,,,
836/0.00034496656215204485,2221/0.0003080582914744868,,,,,
912/0.00034496656215204485,1507/0.0003080582914744868,,,,,
622/0.00034496656215204485,1853/0.0003037797040928967,,,,,
1445/0.00034155105163568796,1893/0.0003037797040928967,,,,,
1879/0.00034155105163568796,2395/0.0003037797040928967,,,,,
1883/0.0003381355411193311,1267/0.0002995011167113066,,,,,
2627/0.0003381355411193311,1665/0.0002995011167113066,,,,,
2470/0.0003381355411193311,657/0.0002995011167113066,,,,,
1002/0.0003381355411193311,1365/0.0002952225293297165,,,,,
1805/0.0003381355411193311,2533/0.00029094394194812643,,,,,
946/0.00033472003060297425,2525/0.0002866653545665363,,,,,
496/0.00033472003060297425,1215/0.00028238676718494624,,,,,
1606/0.00033472003060297425,217/0.00028238676718494624,,,,,
1579/0.00033472003060297425,2280/0.00028238676718494624,,,,,
907/0.00033130452008661737,534/0.0002781081798033561,,,,,
802/0.0003278890095702605,1340/0.0002781081798033561,,,,,
2123/0.0003278890095702605,1439/0.000273829592421766,,,,,
300/0.0003278890095702605,1581/0.00026955100504017594,,,,,
469/0.0003278890095702605,2034/0.00026955100504017594,,,,,
1457/0.0003244734990539036,1918/0.0002652724176585858,,,,,
1254/0.0003244734990539036,1016/0.0002652724176585858,,,,,
726/0.0003210579885375467,910/0.00026099383027699576,,,,,
2130/0.0003210579885375467,2001/0.00026099383027699576,,,,,
1319/0.00031764247802118983,1948/0.00026099383027699576,,,,,
512/0.00031422696750483295,2140/0.00026099383027699576,,,,,
2150/0.00031422696750483295,206/0.00025671524289540564,,,,,
1406/0.00031422696750483295,1259/0.00025671524289540564,,,,,
2654/0.00031081145698847606,2106/0.00025671524289540564,,,,,
506/0.00031081145698847606,1204/0.00024815806813222545,,,,,
1947/0.0003073959464721192,2484/0.00024815806813222545,,,,,
305/0.0003039804359557623,2590/0.00024387948075063536,,,,,
1287/0.0003039804359557623,1939/0.00024387948075063536,,,,,
1235/0.0003005649254394054,1232/0.00023960089336904527,,,,,
1502/0.0003005649254394054,1313/0.00023960089336904527,,,,,
2248/0.0002971494149230485,2442/0.00023532230598745518,,,,,
105/0.00029373390440669164,1374/0.00023532230598745518,,,,,
1841/0.00029373390440669164,2669/0.00023104371860586508,,,,,
2184/0.00029373390440669164,1643/0.00023104371860586508,,,,,
1843/0.0002903183938903348,1596/0.000226765131224275,,,,,
1675/0.0002903183938903348,1770/0.000226765131224275,,,,,
2577/0.00028690288337397793,2234/0.000226765131224275,,,,,
2433/0.00028690288337397793,45/0.0002224865438426849,,,,,
2583/0.00028348737285762104,2347/0.0002224865438426849,,,,,
591/0.00028348737285762104,992/0.0002182079564610948,,,,,
2082/0.00028348737285762104,2049/0.00021392936907950472,,,,,
1392/0.00028348737285762104,861/0.00021392936907950472,,,,,
1509/0.00028007186234126416,2453/0.00021392936907950472,,,,,
2594/0.00028007186234126416,1447/0.00021392936907950472,,,,,
826/0.00028007186234126416,980/0.00020965078169791462,,,,,
2501/0.00028007186234126416,1732/0.00020965078169791462,,,,,
1622/0.00028007186234126416,214/0.00020537219431632453,,,,,
898/0.0002766563518249073,2260/0.00020537219431632453,,,,,
636/0.0002766563518249073,2639/0.00020109360693473444,,,,,
2656/0.0002732408413085504,2305/0.00020109360693473444,,,,,
1414/0.0002698253307921935,324/0.00020109360693473444,,,,,
2139/0.0002698253307921935,969/0.00019681501955314435,,,,,
612/0.0002698253307921935,2644/0.00019253643217155423,,,,,
2168/0.0002698253307921935,2155/0.00018825784478996414,,,,,
1291/0.00026299430975947974,2108/0.00018825784478996414,,,,,
828/0.00026299430975947974,2008/0.00017970067002678395,,,,,
918/0.00025957879924312286,2244/0.00017542208264519386,,,,,
2331/0.00025957879924312286,2240/0.00017542208264519386,,,,,
2167/0.00025616328872676597,1929/0.00017114349526360377,,,,,
2564/0.00025616328872676597,1296/0.00016258632050042358,,,,,
1968/0.00025616328872676597,526/0.0001583077331188335,,,,,
760/0.00025616328872676597,1515/0.0001583077331188335,,,,,
810/0.00025616328872676597,1197/0.0001583077331188335,,,,,
1422/0.0002527477782104091,1134/0.0001540291457372434,,,,,
1077/0.0002527477782104091,1957/0.0001497505583556533,,,,,
1769/0.0002527477782104091,1503/0.0001497505583556533,,,,,
2356/0.0002527477782104091,1907/0.00014119338359247312,,,,,
1773/0.0002493322676940522,1115/0.00014119338359247312,,,,,
1476/0.0002493322676940522,1644/0.000136914796210883,,,,,
1278/0.0002459167571776954,2060/0.00012407903406611273,,,,,
294/0.0002459167571776954,1672/0.00010696468453975236,,,,,
2665/0.00023908573614498158,2509/0.00010268609715816227,,,,,
1347/0.00023908573614498158,1959/0.00010268609715816227,,,,,
2204/0.00023908573614498158,2569/8.985033501339198e-05,,,,,
2095/0.00023567022562862472,2389/8.557174763180188e-05,,,,,
1396/0.00023225471511226784,1537/8.557174763180188e-05,,,,,
2518/0.00022883920459591096,1070/8.557174763180188e-05,,,,,
1472/0.00022883920459591096,1173/7.70145728686217e-05,,,,,
140/0.00022883920459591096,1790/7.273598548703161e-05,,,,,
2026/0.00022883920459591096,1432/6.84573981054415e-05,,,,,
1702/0.00022883920459591096,1839/6.417881072385141e-05,,,,,
1327/0.00022542369407955407,1983/5.990022334226132e-05,,,,,
1072/0.00022542369407955407,2556/4.7064461197491034e-05,,,,,
1395/0.00022542369407955407,2354/4.278587381590094e-05,,,,,
1137/0.00021517716253048342,2277/4.278587381590094e-05,,,,,
2040/0.00021176165201412656,592/3.422869905272075e-05,,,,,
2187/0.00021176165201412656,,,,,,
863/0.00020834614149776968,,,,,,
2540/0.0002049306309814128,,,,,,
173/0.0002049306309814128,,,,,,
1090/0.0002015151204650559,,,,,,
724/0.0002015151204650559,,,,,,
1869/0.00019809960994869903,,,,,,
875/0.00019809960994869903,,,,,,
1705/0.00019809960994869903,,,,,,
2524/0.00019468409943234214,,,,,,
2614/0.00019468409943234214,,,,,,
2131/0.00019468409943234214,,,,,,
2379/0.00019468409943234214,,,,,,
508/0.00019126858891598529,,,,,,
676/0.0001878530783996284,,,,,,
2508/0.0001878530783996284,,,,,,
335/0.0001878530783996284,,,,,,
1682/0.0001878530783996284,,,,,,
1684/0.0001878530783996284,,,,,,
704/0.0001878530783996284,,,,,,
1584/0.00018443756788327152,,,,,,
2111/0.00018102205736691463,,,,,,
2362/0.00018102205736691463,,,,,,
1330/0.00017760654685055775,,,,,,
2092/0.00017760654685055775,,,,,,
1696/0.00017760654685055775,,,,,,
1871/0.00017760654685055775,,,,,,
1251/0.00017077552581784398,,,,,,
1826/0.00016736001530148712,,,,,,
1556/0.00016736001530148712,,,,,,
1615/0.00016394450478513024,,,,,,
1338/0.00016052899426877336,,,,,,
2299/0.00016052899426877336,,,,,,
752/0.00016052899426877336,,,,,,
931/0.00015711348375241647,,,,,,
2648/0.00015711348375241647,,,,,,
2070/0.0001502824627197027,,,,,,
2270/0.0001502824627197027,,,,,,
2455/0.00014686695220334582,,,,,,
2600/0.00014686695220334582,,,,,,
410/0.00014686695220334582,,,,,,
1916/0.00014686695220334582,,,,,,
1511/0.00014345144168698896,,,,,,
2459/0.00014003593117063208,,,,,,
779/0.00014003593117063208,,,,,,
1934/0.00014003593117063208,,,,,,
2046/0.0001366204206542752,,,,,,
2579/0.0001366204206542752,,,,,,
2405/0.0001366204206542752,,,,,,
7/0.0001366204206542752,,,,,,
2551/0.0001366204206542752,,,,,,
1914/0.0001332049101379183,,,,,,
1505/0.0001332049101379183,,,,,,
2588/0.0001332049101379183,,,,,,
2227/0.00012978939962156143,,,,,,
1925/0.00012637388910520454,,,,,,
2427/0.00012637388910520454,,,,,,
719/0.00012637388910520454,,,,,,
394/0.0001229583785888477,,,,,,
755/0.0001229583785888477,,,,,,
1541/0.0001229583785888477,,,,,,
2100/0.0001229583785888477,,,,,,
2497/0.0001229583785888477,,,,,,
1884/0.0001229583785888477,,,,,,
1676/0.00011954286807249079,,,,,,
2655/0.00011954286807249079,,,,,,
575/0.00011954286807249079,,,,,,
1866/0.00011612735755613392,,,,,,
2031/0.00011612735755613392,,,,,,
1835/0.00011612735755613392,,,,,,
1865/0.00011612735755613392,,,,,,
1830/0.00011271184703977704,,,,,,
1085/0.00011271184703977704,,,,,,
2617/0.00011271184703977704,,,,,,
2479/0.00011271184703977704,,,,,,
2196/0.00010929633652342015,,,,,,
1350/0.00010588082600706328,,,,,,
2567/0.0001024653154907064,,,,,,
2462/9.904980497434951e-05,,,,,,
1184/9.904980497434951e-05,,,,,,
1967/9.904980497434951e-05,,,,,,
2310/9.904980497434951e-05,,,,,,
1279/9.904980497434951e-05,,,,,,
824/9.563429445799264e-05,,,,,,
1885/8.880327342527887e-05,,,,,,
2643/8.880327342527887e-05,,,,,,
2284/8.880327342527887e-05,,,,,,
1846/8.197225239256512e-05,,,,,,
2510/8.197225239256512e-05,,,,,,
2094/7.514123135985135e-05,,,,,,
2243/7.172572084349448e-05,,,,,,
2574/7.172572084349448e-05,,,,,,
329/7.172572084349448e-05,,,,,,
2052/7.172572084349448e-05,,,,,,
331/6.83102103271376e-05,,,,,,
922/6.489469981078071e-05,,,,,,
1033/6.489469981078071e-05,,,,,,
1922/6.147918929442384e-05,,,,,,
1413/6.147918929442384e-05,,,,,,
2346/5.12326577453532e-05,,,,,,
2520/4.781714722899632e-05,,,,,,
2486/4.440163671263944e-05,,,,,,
2575/3.073959464721192e-05,,,,,,
2531/3.073959464721192e-05,,,,,,
1262/2.390857361449816e-05,,,,,,
1953/2.390857361449816e-05,,,,,,
