,year,total_works,topic_1,topic_2,topic_3,topic_4,topic_5,topic_6,topic_7,topic_8,topic_9,topic_10,topic_11,topic_12,topic_13,topic_14,topic_15,topic_16,topic_17,topic_18,topic_19,topic_20,topic_21,topic_22,topic_23,topic_24,topic_25,topic_26,topic_27,topic_28,topic_29,topic_30,topic_31,topic_32,topic_33,topic_34,topic_35,topic_36,topic_37,topic_38,topic_39,topic_40,topic_41,topic_42,topic_43,topic_44,topic_45,topic_46,topic_47,topic_48,topic_49,topic_50,topic_51,topic_52,topic_53,topic_54,topic_55,topic_56,topic_57,topic_58,topic_59,topic_60,topic_61,topic_62,topic_63,topic_64,topic_65,topic_66,topic_67,topic_68,topic_69,topic_70,topic_71,topic_72,topic_73,topic_74,topic_75,topic_76,topic_77,topic_78,topic_79,topic_80,topic_81,topic_82,topic_83,topic_84,topic_85,topic_86,topic_87,topic_88,topic_89,topic_90,topic_91,topic_92,topic_93,topic_94,topic_95
0,1971.0,1,0.0,0.0,0.0,0.0,0.2222222222222222,0.0,0.0,0.0,0.0,0.0,0.0,0.0,0.0,0.0,0.0,0.0,0.0,0.0,0.0,0.0,0.0,0.0,0.0,0.0,0.0,0.0,0.0,0.0,0.0,0.0,0.0,0.0,0.0,0.0,0.0,0.0,0.0,0.0,0.0,0.0,0.0,0.0,0.1111111111111111,0.0,0.1111111111111111,0.0,0.0,0.1111111111111111,0.0,0.0,0.0,0.1111111111111111,0.0,0.0,0.0,0.0,0.0,0.1111111111111111,0.0,0.0,0.0,0.1111111111111111,0.0,0.0,0.0,0.0,0.0,0.0,0.0,0.0,0.0,0.0,0.0,0.0,0.0,0.0,0.0,0.1111111111111111,0.0,0.0,0.0,0.0,0.0,0.0,0.0,0.0,0.0,0.0,0.0,0.0,0.0,0.0,0.0,0.0,0.0
1,1974.0,1,0.0,0.0,0.0,0.0,0.0384615384615384,0.0384615384615384,0.0,0.0384615384615384,0.0,0.0384615384615384,0.0,0.0,0.0,0.0,0.0,0.0,0.0,0.0,0.0,0.0,0.0,0.0,0.0,0.0,0.0,0.0,0.0,0.0,0.0,0.0,0.0,0.0,0.0769230769230769,0.0,0.0,0.0,0.0,0.0,0.0,0.0,0.1153846153846153,0.0,0.0384615384615384,0.0,0.0769230769230769,0.0384615384615384,0.0,0.0384615384615384,0.0,0.0,0.0,0.1153846153846153,0.0769230769230769,0.0,0.0,0.0,0.0,0.0,0.0,0.0,0.0384615384615384,0.0384615384615384,0.0,0.0,0.0,0.0,0.0,0.0769230769230769,0.0,0.0,0.0,0.0384615384615384,0.0,0.0,0.0,0.0,0.0,0.0,0.0384615384615384,0.0,0.0,0.0,0.0,0.0,0.0,0.0,0.0,0.0,0.0,0.0,0.0,0.0,0.0384615384615384,0.0,0.0
2,1975.0,2,0.0,0.0,0.05,0.0,0.1,0.0,0.0,0.0,0.0,0.0,0.0,0.0,0.0,0.0,0.0,0.0,0.0,0.0,0.0,0.0,0.0,0.0,0.0,0.0,0.0,0.0,0.0,0.0,0.0,0.0,0.05,0.0,0.0,0.0,0.0,0.0,0.0,0.0,0.0,0.0,0.0,0.0,0.0,0.05,0.55,0.0,0.0,0.0,0.0,0.0,0.0,0.05,0.0,0.0,0.0,0.0,0.0,0.05,0.05,0.0,0.0,0.05,0.0,0.0,0.0,0.0,0.0,0.0,0.0,0.0,0.0,0.0,0.0,0.0,0.0,0.0,0.0,0.0,0.0,0.0,0.0,0.0,0.0,0.0,0.0,0.0,0.0,0.0,0.0,0.0,0.0,0.0,0.0,0.0,0.0
3,1976.0,3,0.03333333333333333,0.0,0.0,0.0,0.05416666666666667,0.010416666666666666,0.0,0.015625,0.0,0.005208333333333333,0.015625,0.0,0.005208333333333333,0.015625,0.0,0.0,0.0,0.0,0.0,0.0,0.0,0.0,0.010416666666666666,0.0,0.0,0.0,0.0,0.0,0.0,0.015625,0.005208333333333333,0.010416666666666666,0.0,0.03333333333333333,0.0,0.0,0.005208333333333333,0.010416666666666666,0.015625,0.0,0.015625,0.010416666666666666,0.0,0.0,0.3770833333333334,0.0,0.015625,0.07187500000000001,0.0,0.0,0.015625,0.005208333333333333,0.005208333333333333,0.015625,0.0,0.005208333333333333,0.0,0.005208333333333333,0.010416666666666666,0.005208333333333333,0.0,0.04895833333333333,0.0,0.005208333333333333,0.0,0.0,0.03333333333333333,0.005208333333333333,0.005208333333333333,0.0,0.03333333333333333,0.0,0.0,0.0,0.0,0.005208333333333333,0.0,0.0,0.0,0.005208333333333333,0.0,0.0,0.0,0.0,0.0,0.0,0.03333333333333333,0.0,0.0,0.0,0.0,0.0,0.0,0.005208333333333333,0.0
4,1977.0,6,0.0,0.013888888888888883,0.0,0.0,0.1067927170868347,0.0,0.0,0.0,0.0,0.0,0.0,0.0,0.013888888888888883,0.08189386865857451,0.0,0.011904761904761899,0.0,0.0,0.0,0.0,0.0,0.0,0.0,0.0,0.0,0.0,0.0,0.0,0.0,0.0,0.0,0.0,0.0,0.0,0.0,0.0,0.0,0.0,0.0,0.013888888888888883,0.0,0.04232804232804232,0.042211328976034856,0.0,0.17899937752878925,0.0,0.0,0.09975101151571737,0.0,0.0,0.0,0.028322440087145965,0.0,0.0,0.0,0.025793650793650785,0.0,0.027777777777777766,0.0,0.0,0.0,0.17172424525365695,0.0,0.0,0.009803921568627449,0.013888888888888883,0.0,0.0,0.0,0.009803921568627449,0.011904761904761899,0.019607843137254898,0.0,0.0,0.0,0.0,0.0,0.0,0.0,0.0,0.0,0.0,0.0,0.0,0.0,0.0,0.0,0.0,0.0,0.0,0.0,0.0,0.06602085278555865,0.009803921568627449,0.0
5,1978.0,3,0.015151515151515133,0.0,0.0,0.0,0.045454545454545435,0.0,0.0,0.03333333333333333,0.0,0.0,0.015151515151515133,0.0,0.0,0.0,0.0,0.015151515151515133,0.0,0.0,0.0,0.015151515151515133,0.0,0.015151515151515133,0.0,0.0,0.015151515151515133,0.0,0.015151515151515133,0.0,0.0,0.0,0.0,0.0,0.0,0.015151515151515133,0.0,0.0,0.0,0.015151515151515133,0.03333333333333333,0.0,0.0,0.0,0.03333333333333333,0.0,0.2080808080808081,0.03333333333333333,0.0,0.104040404040404,0.0,0.0,0.0,0.08888888888888886,0.0,0.045454545454545435,0.0,0.0,0.0,0.0,0.015151515151515133,0.0,0.0,0.17777777777777778,0.0,0.0,0.0,0.0,0.0,0.0,0.0,0.0,0.0,0.0,0.0,0.0,0.0,0.0,0.0,0.0,0.0,0.0,0.0,0.015151515151515133,0.0,0.0,0.015151515151515133,0.0,0.0,0.0,0.0,0.0,0.0,0.0,0.015151515151515133,0.0,0.0
6,1979.0,3,0.010752688172043,0.021505376344086,0.0,0.0,0.11322680207088807,0.04233870967741934,0.0,0.012345679012345666,0.020833333333333332,0.0,0.012345679012345666,0.0,0.020833333333333332,0.03158602150537634,0.0,0.0,0.010752688172043,0.0,0.0,0.0,0.0,0.0,0.012345679012345666,0.0,0.0,0.0,0.0,0.0,0.0,0.021505376344086,0.0,0.0,0.024691358024691332,0.020833333333333332,0.0,0.010752688172043,0.0,0.0,0.0,0.010752688172043,0.012345679012345666,0.023098367184388666,0.0,0.020833333333333332,0.087863401035444,0.012345679012345666,0.010752688172043,0.08627041019514137,0.0,0.0,0.0,0.012345679012345666,0.0,0.0,0.010752688172043,0.0,0.0,0.0,0.07407407407407407,0.012345679012345666,0.0,0.073252688172043,0.033179012345679,0.0,0.010752688172043,0.0,0.021505376344086,0.0,0.0,0.023098367184388666,0.020833333333333332,0.010752688172043,0.0,0.0,0.0,0.0,0.0,0.023098367184388666,0.0,0.0,0.0,0.0,0.0,0.0,0.0,0.0,0.0,0.0,0.0,0.010752688172043,0.0,0.0,0.012345679012345666,0.0,0.0
7,1980.0,7,0.0055905340859748,0.0013026487190620857,0.0160383689259069,0.010793234121501571,0.11953253629398346,0.01383274779931313,0.0004342162396873571,0.0071593153390388286,0.015667661586379073,0.0004342162396873571,0.0026052974381241857,0.005202700035526772,0.0261631838109924,0.06268669069924092,0.0034737299174989146,0.0068931828050369,0.017755496782852386,0.0017368649587494573,0.0017368649587494573,0.03078462619839223,0.0013026487190620857,0.0008684324793747286,0.007745825602968443,0.0107813918604192,0.0004342162396873571,0.0051020408163265285,0.008567875893103843,0.0017368649587494573,0.0004342162396873571,0.010253106046811301,0.006939564994276228,0.016663048198002583,0.005194805194805185,0.0008684324793747286,0.008461964058100914,0.0030316188370899427,0.003419452887537986,0.0038536691272253428,0.014521254311920043,0.0072135923689997565,0.010823826629297742,0.04291504896711286,0.0026052974381241857,0.0025974025974025857,0.05050068570511747,0.011105748844742842,0.028052342793984116,0.04274566006598557,0.005042511170562929,0.0034658350767773146,0.0013026487190620857,0.016215684501790957,0.015592310425137172,0.01428966170607507,0.0008684324793747286,0.006779376129312386,0.007639913767965515,0.036004421110804055,0.0013026487190620857,0.008567875893103843,0.006497453913867272,0.054062914240382585,0.013855445466387714,0.0004342162396873571,0.004608294930875571,0.011072514112027785,0.011493582895190872,0.0038536691272253428,0.0,0.017612402794773586,0.007361938972881214,0.015538033395176244,0.0025974025974025857,0.0004342162396873571,0.0025510204081632573,0.010204081632653057,0.0,0.005156317846287443,0.0030316188370899427,0.0,0.010578768226576829,0.0,0.0008684324793747286,0.0,0.0034658350767773146,0.0004342162396873571,0.0008684324793747286,0.003419452887537986,0.004287885366912715,0.0004342162396873571,0.0025974025974025857,0.0051020408163265285,0.006493506493506486,0.008955709943551871,0.006493506493506486
8,1981.0,19,0.006276746988821289,0.01652766080113104,0.011165939292537489,0.010257956248930684,0.0998679163790327,0.010202852226819586,0.0,0.010030844905619625,0.019449879108197926,0.0057166571548993685,0.005283511506946458,0.0013697344966694738,0.0021235487062930157,0.01778690573240388,0.0006520311473871789,0.0059924036245072995,0.001676811551586274,0.00023923444976076317,0.0006848672483347316,0.015860978387133618,0.001674641148325358,0.0,0.013868572550010552,0.006211869849903111,0.0018417376002515262,0.000991944303251537,0.0010976639459611525,0.012047707530256736,0.0011240342509692316,0.014850948287643695,0.009260502139759095,0.0071943808669084576,0.006543860764584284,0.0034637218614086314,0.0048818178525678055,0.0105810909667016,0.0055702349496536425,0.009269287148806473,0.013503018737889927,0.007834400867595062,0.009280849622693687,0.04342941795739805,0.02004127404267598,0.001156870351916784,0.08343530101410349,0.021660939484484575,0.0163736075834486,0.04242863533548038,0.007169106596276763,0.0004127966976264158,0.006151636681387585,0.019010142155754806,0.013520617456302935,0.006708341815314683,0.000956937799043058,0.010743024186289063,0.0016032982134677,0.024203385194097256,0.005895451978751226,0.012844126764332374,0.01052306123150149,0.1131277669284552,0.008206229679228594,0.003156335513336,0.005271641923899642,0.007344925007726069,0.022400996940659966,0.006109060025106858,0.004132703261671416,0.0014704132027730632,0.009250398724082927,0.006488205470330584,0.0020239360473175844,0.005526401767202536,0.008106605678938164,0.0011240342509692316,0.0004127966976264158,0.003008348507501484,0.0032551148003298947,0.0009176359021560211,0.003413933865260953,0.0,0.004784688995215311,0.0006191950464396262,0.016048804005985084,0.0014224751066856316,0.0020915076683223946,0.0014375771018255105,0.006685633001422468,0.0,0.00023923444976076317,0.0011897064528643422,0.009801452204629954,0.008908720522686946,0.0014967835077811474
9,1982.0,38,0.005471459318713316,0.011494571246893216,0.013641742463784669,0.008071032643299215,0.11963172508900413,0.026820754281276973,0.0,0.003427016739710234,0.013223683731154439,0.005670401723033295,0.00602255788014301,0.0024227234753550525,0.012999768262926146,0.023408273787371897,0.002723311546840955,0.009382640375690362,0.0006265664160401,0.0,0.0029342361752334027,0.007961616664513416,0.0015842281288505526,0.0008488964346349735,0.0023966165413533817,0.002803726487937011,0.00874515276605059,0.0,0.0052825283416818684,0.002882150479404482,0.0006925207756232684,0.012272766682034619,0.012470567576889876,0.0160692614059487,0.007865245636143462,0.0061969334415154734,0.0029348818822502974,0.0024187306501547976,0.004098684203678142,0.006225438075283272,0.02304979234967388,0.01093106901390228,0.002870813397129184,0.015308673045245922,0.012504185489764754,0.003733291562238929,0.06834805336337436,0.006872610819979233,0.010096230442331992,0.03627081515741588,0.023126464415668874,0.0,0.0038024891706410022,0.04387704927920837,0.013280298494979928,0.01588858130837109,0.001596941070625279,0.014828519255100212,0.011571350863447617,0.017288540128734875,0.00881338500854182,0.0061417499090629215,0.0012524627075710631,0.09569185547335002,0.00770224438618569,0.010813480354327245,0.005773380386383474,0.005184141985510726,0.03616652500725343,0.004948509454986558,0.004714325921756257,0.005971154555250659,0.01564046890473079,0.010439268334005169,0.0026061530638189657,0.0,0.003447178746680695,0.000478468899521529,0.000478468899521529,0.002656882591093116,0.0011709896751447974,0.0011961722488038264,0.0031952811731205052,0.000478468899521529,0.0020242914979757055,0.0,0.01495525647752752,0.0031100478468899504,0.0024475524475524447,0.0048973909828154555,0.002339181286549705,0.0007739938080495342,0.0,0.0,0.009712471767425322,0.0145211436566085,0.003289473684210526
10,1983.0,28,0.009525364327468635,0.007378212258483582,0.006535068443709986,0.0016515473466274355,0.102860783547321,0.030036399540616456,0.0005175983436853,0.00919848771461028,0.00428093278085105,0.00383745649552595,0.0019701816653434822,0.0007311563069163571,0.009946563315385808,0.02674840576219181,0.0031882890455953534,0.007683395978181846,0.008982339035052337,0.0,0.0004626278428991714,0.009546935756481353,0.006411502895168953,0.0004027926960257786,0.007820036991624793,0.005690497483088022,0.0006567272217811607,0.0,0.008745498580820575,0.006500591187171764,0.003225872359721178,0.015190630769307588,0.02614232758063567,0.013693171509477698,0.0035132474042248465,0.008096655509498615,0.005839646702410196,0.010383704597429492,0.008573163809233465,0.01012254131941938,0.028155650066123392,0.01577720605719233,0.008955064179331737,0.010664693041624871,0.014720623569178004,0.00695244605019041,0.06686930702841326,0.016911799369038173,0.02151350108521245,0.046270364726299994,0.013808100102306703,0.0014206021967360786,0.015184405242289822,0.019162686036400818,0.02035494924167765,0.0029232564169043252,0.0032604774452600497,0.013179973520221619,0.007685070595744014,0.025143328715125906,0.01298272201727368,0.011773512516955973,0.0034226676940799184,0.06234349851867506,0.007750070705622997,0.006177837728110519,0.0075344611528822,0.011089700365128435,0.018908616607360002,0.008699465648223407,0.004296617579144543,0.002607450302775568,0.022702989186655236,0.009936893168486349,0.00019409937888198572,0.00550434704774358,0.005782115391056214,0.0004626278428991714,0.0002685284640171857,0.013261605001583137,0.002144137224782382,0.0,0.0034102790620443393,0.0,0.0016696720764041927,0.0018763555028787036,0.005354402734674061,0.0018811586419464788,0.00013426423200859285,0.0009802261865844715,0.0010546552717196713,0.0,0.006310418904403863,0.00032836361089057855,0.010573208153853311,0.0026086763765856536,0.0009704968944099357
11,1984.0,25,0.005053388984304448,0.020272442310257426,0.00580631860953998,0.011735131526330145,0.07685563639939312,0.02691094069201549,0.0,0.0038607987876001404,0.0072652469658940014,0.00339630318530574,0.012461411148957149,0.004600730482317984,0.015150487128386503,0.030420986345293423,0.004011206948429896,0.011167279224166769,0.008723208485418597,0.0,0.004760913616140252,0.020793573571009923,0.003792766373411532,0.00378695086419054,0.004157655306137664,0.007998484682813913,0.00250480967671976,0.0024073438572409,0.008161100645766813,0.0030186121016049844,0.003442012192660176,0.01246312244667665,0.019596336788652836,0.012350554513889455,0.009026123576771556,0.012885231730773218,0.008479496143490813,0.005071027224008124,0.001244083840432724,0.006171964488101935,0.025626715751544786,0.016323374642365104,0.00556457065584854,0.014545517095743286,0.014941863490151072,0.002306506321307428,0.04784981809618233,0.021522453099467466,0.022111707922511378,0.03629457815155447,0.013057479272379964,0.0017391304347826081,0.011135710350092871,0.02872136418577624,0.012324691605161957,0.0029531747495236318,0.0035605970178946163,0.00469933558092308,0.004505252778093824,0.03416044634642108,0.00507246376811594,0.005859883433743608,0.007613140958690172,0.042928596418781065,0.005556189602435528,0.008827453749521007,0.007101554467958868,0.00414790556707082,0.01170207640029367,0.010010835939662623,0.004935504057491212,0.004924630278196904,0.016548325610437398,0.014062180857033403,0.0035784313725490163,0.00380296169271518,0.007336157618406652,0.004726951700378156,0.006271889513202205,0.018626097883459588,0.0035053235053235043,0.000816326530612244,0.007398981883494813,0.0,0.00108108108108108,0.0018523153942427962,0.0077656257905460956,0.005562770058231128,0.000754716981132072,0.004542043459381896,0.006811424162538516,0.0025024437927663717,0.004908398141865441,0.000816326530612244,0.010262033462033455,0.012779498789464437,0.011259491134699642
12,1985.0,26,0.011168401074535855,0.0067713763599301265,0.018957505108316827,0.008407779429484277,0.0689201973793787,0.03636511310144951,0.0008482468029393538,0.00990159267235368,0.0032751568383460735,0.004978608286087754,0.012778810490963051,0.011401485821941008,0.0069251826081602776,0.025016968820404877,0.009184226466155769,0.013665094119461355,0.009210138979524165,0.0021209112577486766,0.002653847390258874,0.015731021219157478,0.009683886829503203,0.003961928762553258,0.007933047205007319,0.006209911445199807,0.0022787017779882426,0.004051481705152632,0.008983454427488427,0.005545787635713724,0.0027948398894093963,0.02919295379884635,0.01781967204006857,0.010245093955627775,0.007663741783827542,0.006582449194337643,0.012856294195774267,0.011161396738156755,0.007488999915706988,0.010754166004698406,0.016685453676622834,0.013688610729404728,0.007921209034889985,0.02039271866834846,0.021609554493997186,0.0059187942235395885,0.060100799183522874,0.014504790803168967,0.011738157365363374,0.03136748715870209,0.009495059433496543,0.0031833941885796653,0.009521169745375153,0.02765330602221476,0.015661325531750522,0.006714002758367883,0.004958935014644692,0.009133522931624085,0.004094526025918358,0.013072532897558092,0.002690315277016123,0.01167581306850852,0.011269643282879913,0.03875930777295162,0.012403398469824039,0.013856952704021448,0.008162140810930212,0.008469836914603235,0.02435396927992667,0.01335150476418869,0.0026758189705848655,0.00811877873770356,0.006823442497500496,0.0053207959156123035,0.00171218125937645,0.002080113193238639,0.006921111035272031,0.003464427314133808,0.00033656552292416923,0.005163138053755896,0.0011593033593107617,0.0014913474637008118,0.0043304680851239084,0.0,0.0003029499641047462,0.0017316149329934308,0.004094657614598542,0.0033477940229356346,0.007987014327594034,0.005367359602378183,0.005354415280400527,0.0,0.0022892109473916194,0.0024147067159140806,0.0010647273042168808,0.016178788107025797,0.0043715660086090955
13,1986.0,30,0.012373051304979097,0.009211385753892342,0.010556114008067807,0.018220243294118595,0.05046891418364829,0.024865953808032738,0.0018513333158414866,0.022503163133620642,0.009376599607975638,0.008625012621371277,0.0183623066139306,0.006250036703657543,0.009361581319446755,0.019344399610666124,0.0071405063091604165,0.01569361234021187,0.016106505915481757,0.0015819792926408834,0.0014479936440662299,0.011583294266399058,0.008763218342906196,0.0024091170032016036,0.013343008223528524,0.007321135009787111,0.0018982479388343102,0.0041412582954560824,0.0039782736163565206,0.010305542131925081,0.007027097966919334,0.015680636640468773,0.014251117166661165,0.015235212145634858,0.009181431562701393,0.011360781567163527,0.012229417876437743,0.01057767775204254,0.005222899690349743,0.014397212393378,0.0325845145881843,0.004566005836552685,0.007073459912633917,0.016108782673892107,0.011790934536461992,0.0071125858083332365,0.05207685028844568,0.01502144787735142,0.016592649196016867,0.027912335445850985,0.01537152947074982,0.005115088765334247,0.01438472102836098,0.02627232843933897,0.01617696982668034,0.013942705752545038,0.005075548986954701,0.007853733440505098,0.007572003659264327,0.02191155023241214,0.018554432801327972,0.009579841394883956,0.007131599648084985,0.008032611703813747,0.011755638632871677,0.012113971108664754,0.006010694553207837,0.0032843596676580765,0.012616666240701213,0.008863982574362349,0.006431775865483773,0.009063557915372429,0.00370603327817004,0.003118182636302823,0.005546867709507817,0.006526079883215055,0.008785307823318858,0.0022857025949274096,0.0028661190435073465,0.005364436621407984,0.004645593095300807,0.004072624142919647,0.005268166464761441,0.0008774432872021633,0.0010904167914494833,0.005243184508949104,0.014504314207094462,0.00099061291653787,0.00234885377617395,0.00316476717092303,0.007375521552876577,0.00051106025934401,0.006599450281087473,0.0010551678298437968,0.00365522106497994,0.015934394226603015,0.004262328590330777
14,1987.0,57,0.008144482112736206,0.012390971608012983,0.011214848419927136,0.01168275790193211,0.04118337215308541,0.03397534306332735,0.0013001765366039753,0.013410032658123395,0.009829960946275348,0.008165671878750119,0.014733228433409386,0.007585787856052631,0.008116387407035141,0.015065656351031869,0.006272657097991708,0.013036104143889985,0.014595773670855672,0.0020519661581850103,0.003908575399521062,0.007776828698023372,0.00594449756234187,0.003882678793126092,0.011723590362591579,0.00882623032163405,0.006444302497069506,0.0032432118192086377,0.010171413089221112,0.008053033372738884,0.0033326040193742347,0.016969450634273065,0.016872361971154215,0.011249245334434691,0.009926907008292117,0.0078380381841353,0.021198684246009198,0.006501817843896847,0.004302987283247629,0.012956339017057615,0.030927244064571743,0.01176676916989774,0.016119698832481315,0.006696888830664771,0.011818000578855214,0.0019126803554406963,0.05031211365012491,0.019487539193483068,0.020135072931982127,0.03604424533256855,0.007323480523348709,0.002523825815300032,0.013531491679210621,0.02145997183790319,0.0326319528375002,0.008988761621442022,0.0054642113455704,0.00933004540914938,0.0059211171378616085,0.028374238780063968,0.009210887832315613,0.013662289399595526,0.005898837934125371,0.006370809563632605,0.011081241624315868,0.011629037188564763,0.005315327448290673,0.007229778575450116,0.01584170299244952,0.013048598797222118,0.010401324298359408,0.01048898717233806,0.027482960663292286,0.005207132471463871,0.004606326325196203,0.0048513686813580655,0.005412700493160169,0.0016872219549560403,0.0024633412012174246,0.005327644470588075,0.003943202381978104,0.003997592357504331,0.010041453891904582,0.0006834878273403017,0.0017173069171406985,0.0026402947260655216,0.006954604520292056,0.0030858539809377997,0.0013692713137632138,0.0037598024218393903,0.0025666458810613456,0.0006374037799857947,0.006769590409292781,0.0032927758335787633,0.0019052643381843684,0.011472398964191043,0.003298205585049872
15,1988.0,37,0.01662701737379149,0.005345104202547873,0.007483896225412082,0.00946675198757466,0.062116409352134326,0.02677217909055396,0.003056814735335359,0.005112184172968995,0.010470256526496533,0.009142390396547628,0.01035570912752486,0.004254338585890413,0.017077235620584774,0.01872113692166343,0.008119868621796521,0.012796486016562641,0.011340591600286746,0.0007251588653827568,0.004276134658006503,0.01303228834089737,0.0076860330055685865,0.004391654235039768,0.008418945119613703,0.010249712486705727,0.0033492040140598676,0.002676220676168192,0.01195681638281615,0.005211336574921716,0.0027411652140992377,0.01877038887441471,0.02050392373793174,0.00915237211353994,0.011209483461421876,0.007104850971409809,0.01744492141795873,0.004275093251643798,0.005481854551961389,0.01116033208313164,0.023325476274570992,0.009293675838340792,0.01564678740897566,0.01305103562520747,0.0193661459144461,0.0023499597915310625,0.038521816903769886,0.016479288518921116,0.016819210811043876,0.027905201638621382,0.008983664663786091,0.003581452414366043,0.010102626891620533,0.02274166898539389,0.02936868675544254,0.0081931158088211,0.0030900262672779004,0.005097088404083764,0.01401377670499036,0.02516404235295536,0.00881545615460501,0.011257037493278005,0.0036724104503870676,0.018556189336739914,0.012241478610927743,0.009439028533525896,0.004559552051965513,0.008752679131343515,0.01902928318171563,0.012366867376606836,0.009559466792981969,0.009209464404849526,0.006561239258873936,0.006333054776221607,0.0031953507244360108,0.004040782700724716,0.006085428666186416,0.0029020162962923755,0.0015110688578260647,0.0039977206321338676,0.006594960576017694,0.004779585862928708,0.009302199149922441,0.0022546378307402456,0.0014808766114466,0.0023710042697166487,0.006417035933538975,0.0027380140619594324,0.0030217838728476974,0.006119148508766746,0.0037017165845354785,0.0022205830476507136,0.01853397587426466,0.003217415497795822,0.00497778066309472,0.015461955378513914,0.01355074227610504
16,1989.0,63,0.011156002527233753,0.010181061893001052,0.009979282231866926,0.011457246424402589,0.052077616689541216,0.034715329822648425,0.0011566739035121015,0.009184944058301099,0.004975560058795909,0.007255318784995351,0.009678964238754015,0.009499872642368188,0.011739276249943626,0.010925843951116024,0.006285611669259035,0.010167804967827699,0.012665559818506434,0.001237838223880446,0.005629147418396475,0.012575975995254932,0.006954505450855521,0.005205256015766825,0.009290826300138446,0.010549546612738256,0.004474620993398755,0.0019015159507926886,0.01106944139915641,0.006365059495521705,0.004541385585093721,0.019505249401892168,0.012619049102646824,0.008602096075296294,0.010295425335500335,0.00890028352347847,0.017287293330511322,0.006253327313758254,0.0035713786402508827,0.006448817778617763,0.028949790593130912,0.009961687954226703,0.014138994486887003,0.014135599132985103,0.014438860868245213,0.006824813908583139,0.03593390171297956,0.025721442215553832,0.022018965919440747,0.03171939169904292,0.014255000739588644,0.004396231108621189,0.01294883475462576,0.029465804876064306,0.030947422298216707,0.00871682364315098,0.008197899052385292,0.007878026567056178,0.0077099974480031395,0.021252317127604232,0.010466283683298973,0.01054898660215235,0.007708817256546583,0.013288856559112874,0.010949231825090035,0.010539766821027302,0.008780857867619132,0.007568693353918444,0.0099942509571303,0.015477766355687152,0.0071310291254199154,0.007467700673997706,0.006553580385924032,0.010321620282016787,0.004431444962193181,0.006549091226503974,0.009543682859378138,0.0020478730953767317,0.0029759992794107146,0.004839064719138438,0.006124673469578976,0.0037290052103516017,0.007258012622405775,0.0014258952817422159,0.0049437929369082955,0.004571857432054024,0.002015348744896071,0.0084248108732358,0.005890079245422015,0.005315331055681129,0.004349309179624183,0.003220719701227511,0.007481460203107768,0.004056092901284102,0.003545323240475733,0.01080624643713522,0.0036656275925136157
17,1990.0,82,0.009767023120235403,0.013614717561874977,0.013183761858928344,0.0101888845958274,0.06363183829428841,0.029080239629674938,0.0005065009315313145,0.005185101920393748,0.008391196986706161,0.005915041177802646,0.010407250666266118,0.00596971430869509,0.014499623575493219,0.014510846776939328,0.006000918832519605,0.011853030704453316,0.011947465445454428,0.0018890411423696978,0.0028401997444115487,0.009016843939246615,0.004510137786293946,0.002529048380186867,0.009320546196548093,0.0074646224455912485,0.005661777641146336,0.0027153646022288185,0.009288223136522904,0.004481845989068809,0.003656730129440504,0.02126344425982295,0.016542421540198894,0.012348204191378415,0.008144877908184373,0.0044978161156112,0.019512413246675617,0.011970827265232136,0.004139510654980281,0.011976495379957907,0.023241942321377308,0.007166568559836398,0.011713150439757536,0.013025954943363956,0.014120433181210357,0.004213860623053631,0.05604551148478305,0.01630044955552903,0.023208135710878333,0.026376005019407955,0.010058276588591604,0.0031765529604377515,0.010472010366566946,0.025433830808181766,0.02826740664913119,0.007484154011591361,0.0072758797099148126,0.00594153514158212,0.008228008155568218,0.030513331997637623,0.012539130639324325,0.015712335522609863,0.004767310995419954,0.005425057415229213,0.011258457542178472,0.007333420386586589,0.015205042867132859,0.009326627914607227,0.017663273519584813,0.009189355946533782,0.008309562988961258,0.0076113315403519245,0.008264426551225652,0.010785163979849946,0.004877994176443192,0.006362864231478773,0.005087277506162266,0.0022211030916881465,0.0033027408318973394,0.005086880335811207,0.00306981412854037,0.0026308319201799072,0.008667122028854952,0.0007948473024066512,0.001187557638933817,0.002973020292289705,0.006763780137423067,0.007785751601541606,0.004774816369443849,0.007445736253072905,0.004115777564662872,0.0020499735632116597,0.00459719434061034,0.0036539584924975407,0.002236083102095788,0.017690660643456955,0.0085471703271172
18,1991.0,81,0.011817115260958699,0.011677759025565903,0.011593256554475401,0.017558330823105497,0.04469625180429502,0.02930712867784894,0.0009109156275724814,0.003582462814451118,0.005931808447444292,0.005523480215859519,0.01611987925149115,0.00899828714331102,0.00941963654687987,0.014010664724291608,0.006077419432477847,0.011865280966548807,0.0185654052046485,0.0019663202701552,0.0025779421259316537,0.009821865052619425,0.005298027644540121,0.004055962603309875,0.007283106936603106,0.009433727211840843,0.005738740274961241,0.0022063632149135998,0.01241037637362498,0.005391306770147285,0.0022166609565513517,0.021779195756092207,0.019905790787904613,0.011650343192122908,0.008565413593066652,0.007503621429872007,0.017177847072276126,0.006617810305757836,0.004776839831030588,0.01107609271019779,0.0251861632717533,0.00867738638116342,0.011557564151369378,0.008441737848469915,0.014158805031527702,0.00433429159645431,0.05141489854564172,0.01556489012147509,0.015876543778238092,0.02287647244190931,0.01211175259847455,0.004639604827306963,0.009621943991021573,0.025038173423135066,0.034022464315069,0.010079967794857965,0.0066147894396766166,0.008050607416950684,0.011911927517772926,0.03423258604051209,0.014631955818566106,0.017971772118547884,0.0032735391213631585,0.005946210968858681,0.007982186216521447,0.0074476236766150405,0.011904636525955881,0.009079954867619804,0.011234114050327317,0.011359276470953153,0.00704280762442821,0.009382957012001394,0.008567362661790293,0.011780430875993309,0.005512416071649105,0.004995141398932268,0.009075412271210517,0.003881320546675986,0.002457141082236761,0.004321707889875678,0.0038255155921160197,0.0035591343909791373,0.014409148824371032,0.0022584039459440414,0.0008238524933579359,0.0028519019311993234,0.00435270110638451,0.005010691954848435,0.0044643204742905425,0.006826749565755732,0.005159612413259886,0.0015352460618853914,0.012045107491137687,0.003112195410321013,0.0033616487503848554,0.015218913432880626,0.003815881723235476
19,1992.0,104,0.01021748772483738,0.010667482987453248,0.013383097958396291,0.011425388218747917,0.0486096624489211,0.024888295240508007,0.0013719587163300746,0.00694562765843164,0.008765547836639123,0.00564786025031196,0.01269859942236343,0.006078408505843339,0.011949284271072032,0.018018612233861517,0.01129169445410018,0.009577941468581368,0.014398396103803945,0.003123932298407219,0.004395659800129918,0.009487554915552615,0.007704302847848713,0.00494990307091372,0.008424312134770904,0.009051018487219831,0.003217898679204944,0.0032237665919865903,0.009921966035911396,0.005209668614634035,0.004423245958577917,0.019252287707965273,0.02282135176324986,0.015560408290078877,0.01346979890300313,0.008861876991085987,0.018899225103648797,0.01067060642362916,0.0066253838006224575,0.01018593460134578,0.017713656695805133,0.009344684548460259,0.013335943081047212,0.009822654554002056,0.014136726474478327,0.0044610179041663246,0.04042417196543218,0.019133664404342773,0.012491973287654798,0.022928313325303536,0.009139891396108114,0.004477089265569821,0.009937395877691905,0.02804854320954054,0.028901678078362508,0.00853197043126899,0.011867024433351333,0.008417864885241542,0.011351535637132966,0.03766035004654669,0.01707729524172819,0.017050386617042928,0.00654882300658398,0.007347095350129265,0.00688679689870607,0.013668235340866954,0.00913370335895615,0.005235860857493404,0.013490545535936678,0.008743081609712338,0.006778804247987918,0.01016881488482198,0.008705907463354109,0.0094277887375658,0.002856812548009453,0.005642694150047285,0.004458308650101198,0.002394679990127569,0.005146085772908581,0.008383724064317016,0.004788700928703577,0.0029558634594979982,0.00970079875586748,0.0008907386747325414,0.0011501837454564452,0.003821518247906671,0.005083528448854692,0.003652663911219773,0.004129713765352914,0.005333031893677111,0.0063677144581190705,0.001753508845758697,0.009839144872794473,0.0017044332531763115,0.0021664776373204624,0.01691423002473659,0.0030607067289301817
20,1993.0,137,0.015151479315232249,0.008828590896636675,0.008218810429562063,0.010352696909430529,0.04495683715025964,0.033675210331229256,0.001252842830459382,0.004279377032412756,0.008798096025917012,0.007324767081909975,0.015539674509078017,0.007867544250944738,0.012297424126497406,0.01333813751998343,0.009729111250972245,0.016700586373129732,0.014872252771086789,0.002940577912555204,0.0033433758423597653,0.00986002603664572,0.0076697828224362415,0.005295238661118503,0.013833402398190803,0.011883385841969523,0.004384474120677618,0.003810731280348847,0.011176264098654057,0.008132163389141654,0.0033684413583691666,0.01792913817821491,0.018916442149590304,0.012658679368655716,0.011190886247944625,0.009069815157048338,0.021976300478838338,0.009211281333242583,0.009200162279785947,0.009852476441978902,0.019013547246608812,0.009081853171684648,0.012147324920962689,0.009166355075898218,0.014656703549597682,0.006540384958356437,0.039990735610359616,0.020375014697720184,0.016406239130255455,0.015632175487267027,0.012596950853482777,0.005737622255859252,0.010583140532157068,0.020358038755979548,0.02929676991840474,0.008468043336639341,0.004573229459298306,0.009208640812734158,0.011114561125998372,0.03167158654130613,0.010123699342833777,0.012574198299116235,0.004780520143190998,0.005621234401089596,0.011100000944521128,0.010339659216568632,0.00907603881514683,0.006532056756586527,0.010080179714953638,0.012605463658164513,0.006589904644139113,0.012838183620971107,0.010020416787747705,0.006147833560679764,0.004148127147149861,0.006262877757182843,0.007943905010486415,0.00270299102742812,0.004681608229712796,0.006478856659990567,0.005784793504200624,0.005006781605871358,0.011328004889767007,0.0012751543130262524,0.002596873802064288,0.005170689368461275,0.005280974089417165,0.007256340240883001,0.005480629901466917,0.005428832806956382,0.006264197954108517,0.0006541283490552386,0.008965526898288093,0.0019762200707714324,0.003782772450551819,0.012091708637602928,0.005503213736766855
21,1994.0,109,0.012562755051366776,0.011417130298993878,0.011180533352561615,0.01445881344851784,0.047953676813206496,0.027885740188050692,0.0006248727613126771,0.004588810399823009,0.01101487190117772,0.008045568705412962,0.012764592165898252,0.007008273564186487,0.01182548898493467,0.013188761023932214,0.005537731999319526,0.016977529798896253,0.012218530540106,0.0025208900123450083,0.004496739283475529,0.008583282072872248,0.007028057172684767,0.005280110354914842,0.011532516932205415,0.014122019249209508,0.005339432232761569,0.004791707222418571,0.011342208007888897,0.012860825345479693,0.00460690346460215,0.015928413008872683,0.01682289706621488,0.013404425496441077,0.01580309902312638,0.008467743489372905,0.017089453226679388,0.006652925450373256,0.007687419108364245,0.009470028868697525,0.020874902283315844,0.010636044276850526,0.008788972611033556,0.0104047614618782,0.01601044811231925,0.006401325558206022,0.0341060425176147,0.018563146535571822,0.01696508413594774,0.024207772996097728,0.013263990549295336,0.004819288868739227,0.007408386904977689,0.01817251200548923,0.025989515686285,0.010244081255174934,0.003594685394842078,0.00973463236445182,0.010461589305669155,0.03483656075070975,0.014082818931133776,0.014292813733893125,0.005729603576991085,0.008739231188763175,0.008885825682686012,0.011101140324170596,0.010197440952911797,0.006462612600590316,0.011509488712124717,0.01690719624892465,0.0066796746178129085,0.010478101903237492,0.007054107546158655,0.0055230417663616116,0.006475900040884931,0.006470882104563702,0.008574687244650442,0.0036011331292211037,0.0034518130089551866,0.007137599108454195,0.004827754781430582,0.0037077332939375106,0.009468979272243636,0.0007298861625087487,0.0018350700068305431,0.004499599788175089,0.003385359152311348,0.007024809812475227,0.00437884046424998,0.005635976026237467,0.00798756920892405,0.0029768230201321377,0.006441040298251124,0.00408441375224499,0.005499398529460624,0.009365633382434712,0.0062274799644939
22,1995.0,123,0.013843194850516466,0.012454496879211326,0.014240560219006453,0.012489092574617144,0.040829796103706364,0.02562129866609217,0.0030305162520439287,0.0050520092740650845,0.00893283680467992,0.005398539107571728,0.018534780249546353,0.009737571754451533,0.011077871860354051,0.011713437926996273,0.011656922386878649,0.015591133262745608,0.012594776347269125,0.0023701560319303932,0.006524771750099126,0.007414060696452784,0.010031509538857182,0.0049504234886368695,0.013370762509358943,0.013971784957454738,0.00531403082161825,0.004268114261495476,0.011891001109114667,0.010818259512032465,0.0037649291573901562,0.017986501152613778,0.012208197111615714,0.011019233722622623,0.011466664760753387,0.006133283522344679,0.024033353003090924,0.009120125129237279,0.008765984576737227,0.010800715245341473,0.01724582674372659,0.008322206765631186,0.016326597260149588,0.010449573364626335,0.02225196215860104,0.0046385940899785925,0.04107386336328258,0.018893450023105333,0.015299297683915296,0.021723945333627023,0.012264910851360207,0.0034269162091067145,0.010698963940560522,0.023076314237367446,0.02542206020408596,0.00802240162733719,0.005806672085748504,0.008452587265255485,0.009638803272009945,0.023746100029787526,0.01022259092683823,0.015104173599718019,0.005568950154397801,0.008164268098718057,0.010177998433232116,0.008639140254058918,0.0067961407613583635,0.007939249730393548,0.010282213601865944,0.01013701922808197,0.007448338503536286,0.012210208389094262,0.0059295314055148795,0.007220075034403021,0.003889770158210297,0.006150037189357424,0.008171219886949237,0.004058519854837512,0.003114155976930334,0.005604538477952923,0.005001780946597933,0.00340702374663184,0.011887011101520026,0.0008407681705288774,0.0027354924923163673,0.004457781267261,0.007228411363151605,0.005745820698558517,0.005042072955239795,0.007808274637372662,0.006022293743184513,0.0016365052070223822,0.011498904991840614,0.0017056976915084065,0.004577009700250103,0.012065465872083823,0.005707802661667382
23,1996.0,117,0.014162149077441396,0.010223459455447781,0.014954868151534045,0.015457907666182871,0.04157835944083867,0.029935178233465972,0.001466629464230488,0.006348067715451985,0.008964263464212734,0.007615577707047694,0.01662938584888557,0.011908281684951425,0.008820903215581289,0.012845226829369083,0.010559626152206502,0.020376795063930506,0.011567342652484394,0.00551176184318042,0.004210817364771143,0.009083586772698783,0.012473373345055758,0.004760632821552568,0.011182967016550593,0.015125646110590295,0.005904917954883105,0.004189726999034014,0.00943656195523472,0.009027817993245646,0.004201796700553806,0.015610413986022477,0.015338275049892866,0.012660928523411014,0.016136696239474207,0.006790391652306156,0.024039636642416966,0.01131255129147629,0.010488151022369715,0.009274800042865215,0.016857041674320672,0.009835065268011426,0.012845201058877645,0.008438108223841702,0.012204257185550032,0.005130833571115518,0.02598744791005571,0.016762934903648625,0.011521677738393911,0.026355642352572043,0.012968679263943137,0.003514571598462556,0.012179711203487577,0.01593427503167138,0.01720979164931763,0.007823129023836797,0.003454459583253432,0.010613348355318372,0.012246559415717107,0.013388378705143979,0.012400594258574465,0.012458586699122443,0.007309505955000788,0.005366932655217744,0.011401502393043265,0.008411006608154676,0.008582277105756476,0.009352913387014425,0.00940748493703831,0.01760333398413318,0.0065544693190334865,0.014632610777210264,0.0038450836875807658,0.014563212133349726,0.004910015789303907,0.010809629559652072,0.00927133137776068,0.00564024035517155,0.003926759257595416,0.008324717200794108,0.0067017734006020735,0.003348520974360349,0.009994471390368988,0.0020595494788232947,0.002341949782818558,0.005297106413249559,0.0016983497093514233,0.00944776758347195,0.006194629622705476,0.006402916619963265,0.005288322541456858,0.0035321586235449363,0.008406553363468783,0.004644966064689497,0.004716369169729036,0.013895104749785408,0.00581069620371373
24,1997.0,113,0.014842420849515679,0.006530833411319475,0.012854270395995675,0.012619982598434639,0.04191358087546464,0.031107912294022832,0.0015266965123932185,0.004881201685825802,0.009371335746348682,0.006034115734420891,0.014134266046747532,0.011472230802069562,0.012365457402714369,0.009075428582883334,0.00969721554412496,0.017210401412608742,0.014378867309435252,0.0028379558143622097,0.006038145210611089,0.00983028644706467,0.006351553959191835,0.00560984228670413,0.012467532617512822,0.013523174741314658,0.007792397300322697,0.003585818984775144,0.011922379570980647,0.008816462396969475,0.0046425650762622365,0.016613465502427663,0.01239611168505725,0.011218706373799375,0.010600017905271299,0.008536322661502256,0.026574660822483692,0.008454094116957557,0.008473197723762815,0.008879231480248105,0.016838869222129876,0.010999991565313047,0.016192147563095977,0.011385708549718047,0.018578539740171488,0.004976151188399142,0.040044960292042714,0.02003268905679013,0.015475173221050494,0.019529653245789723,0.012899854368009197,0.0032927513554628224,0.010669765150404973,0.018211774653405097,0.02131772185982457,0.007727445470570961,0.004219385484992763,0.007067457305006965,0.01137427924633577,0.014037887399195398,0.011560270203874762,0.014023406481154214,0.008604546808104543,0.007468391670611039,0.013205867876088642,0.010723280551354264,0.006121358070481516,0.008970524730534264,0.010303598003938028,0.017063018925193643,0.007987659833036686,0.012653130558397016,0.004543130540111417,0.009391362433981715,0.006215585700048977,0.006030363844411705,0.012887374797608252,0.0039856680657637525,0.0035449749150248365,0.006352034226223825,0.005242640662642293,0.002805632652507617,0.012816576746067579,0.0016824904344409732,0.002560709023818354,0.004660565633261883,0.002659452815260713,0.009375035341705622,0.0034772040811330463,0.007026814550999347,0.006383733380477761,0.00317165976621592,0.00863644888235909,0.0053994825696161925,0.004683276297613997,0.01135677385024516,0.006373609256073597
25,1998.0,108,0.013286445238040843,0.00837126592870441,0.01211877712113006,0.013599982715057558,0.037377790636731856,0.03269810467027006,0.003324258371780262,0.005415275638532751,0.012975897673978483,0.007402589580426378,0.017785481434270087,0.011059299047550465,0.009527926739243743,0.010295242567814155,0.014389056554722104,0.019678576835090607,0.014966079510134426,0.004291242134419921,0.006194500817592251,0.007483680547152979,0.010100371148388907,0.008162849508506148,0.013074385090899112,0.018259196787396452,0.006340685468700004,0.003907915499141049,0.013869370261646231,0.014235757789737414,0.0036184516699889003,0.016323194576058218,0.010959521999890252,0.01100920181590371,0.011091255888633215,0.004606798113870987,0.02861365349990395,0.01074629720608354,0.008838520299526684,0.007411108929023457,0.015530810109041096,0.010522160570265114,0.015497750819703972,0.006125091823900309,0.021980110228638147,0.007426580854319274,0.022487229483913188,0.017882172265627824,0.010815119521721102,0.01595445782348123,0.013396797178915874,0.003260011591871141,0.009144552584675641,0.018574782702653402,0.022476167196815843,0.00663408785859092,0.004620960495405133,0.008036568341621116,0.009451270036952357,0.0183239017629621,0.013676125353959005,0.01527374444856759,0.0065321233289207985,0.012367170338273961,0.011225953900227747,0.00857356788927232,0.010966776230287965,0.009586518206152327,0.007565397419671682,0.01573673380927969,0.005418252780771353,0.012407253118466114,0.004706737204860038,0.010580511290609863,0.0049690746991722596,0.0051598664452376704,0.008141712799943659,0.003249273362618125,0.003555889202379733,0.005095827699483491,0.004725378864598536,0.0030454513577819003,0.018193376528862687,0.0011927812571387556,0.002474256177068168,0.004253960724296433,0.0019266738187739799,0.007724512449382485,0.0037541429969731362,0.006371658793702183,0.005194767285613707,0.004691300976225215,0.008961826208410587,0.006544900705969359,0.003439087611173242,0.013588842467498464,0.007577979681357466
26,1999.0,131,0.015170021736402754,0.00996310573276879,0.0099897090680877,0.011945824821064297,0.04288112805761342,0.032785321731154386,0.0022112791654171054,0.0027436926244760397,0.011498315435493373,0.008349374011726234,0.015629230831425034,0.011650132008425374,0.011448640172769744,0.009516195955255729,0.011596913210627684,0.017990858830847486,0.013156671683920224,0.0034598768278743058,0.006379701409665828,0.008508629558719978,0.009262701522374857,0.006260439343487602,0.013436589188275649,0.014686622952802436,0.0073791154915947505,0.004591914916803207,0.011931572371158014,0.01248641919150332,0.002520219683267935,0.01815423167480037,0.011792662087128132,0.009849057508346304,0.010462872556449744,0.008167799543373478,0.02645150436057901,0.010678629838560029,0.00840587688784807,0.007921211335849818,0.01543805395380748,0.012801313409347585,0.01739292864532773,0.009569549011594508,0.022211237815351753,0.005158145184306661,0.02009749036845017,0.019006317126390726,0.012401618136122894,0.018785761036659056,0.012318451425472943,0.004466741038015175,0.010219347160818824,0.01517519051057368,0.027034788911437565,0.008662320791918374,0.0032525175934255833,0.007600537918916001,0.008983050647271486,0.017594055935867537,0.010487872660894251,0.017670520646043266,0.006629893261771952,0.003782281038189766,0.010886583505181431,0.008011083985614368,0.00918447237673988,0.009005064714046098,0.008152801497049753,0.017972379337761833,0.00940654732869633,0.013222074185259563,0.0042923306646338345,0.01085277399003315,0.006753259535234086,0.005749936762417826,0.007836081644468907,0.006714893209473364,0.005300745101217827,0.006349164074606601,0.008444755597506034,0.003457113648260973,0.013172216526422973,0.0028106827702529193,0.002945826224706794,0.005034959715135772,0.0047848773299228944,0.00867305220012817,0.005005445069952031,0.006182398814438873,0.004386642786098096,0.0027726004617682435,0.009840347395226818,0.004678398989749135,0.0031706562514764126,0.011402229544814346,0.005493557205789491
27,2000.0,118,0.016891953953693955,0.008986781254962255,0.010781869508138699,0.013239409743911053,0.04069349155025065,0.031863480308294785,0.0022893202414338907,0.0016971691320153877,0.012598615126549577,0.006988533517085597,0.015975346118639516,0.010958925636005151,0.010984312517670371,0.007658589081990311,0.012051522530647833,0.017733043832331898,0.01583347890811715,0.0037105912999424355,0.0059044409824596305,0.009327257285754778,0.009339257152809846,0.007900506341485945,0.014473577591349955,0.018186041116888034,0.008420091884519214,0.0043131591989882655,0.014484724920501341,0.009617390180919257,0.004826817764833223,0.013409381716783466,0.012496688586772707,0.0107453310912863,0.011411634880942314,0.007398695872415475,0.027814043366891056,0.01156511718351064,0.009160871750138626,0.009011160800762807,0.011680005596817162,0.012338891645747448,0.01755195280941256,0.005499058039439704,0.019823313796489623,0.004256627007565634,0.02318809388369007,0.020749735842448467,0.01379206550724744,0.018746210257397245,0.010815973684498662,0.0039816012127852265,0.00944214190384171,0.02077748629534072,0.023382580007718007,0.00639576758352277,0.005390833357295224,0.00582733070662793,0.010354494601070898,0.01700832310431074,0.011530173357436722,0.017281310739125092,0.00751497533483649,0.005496647018761336,0.008567000880293172,0.007626793682744038,0.008650258795443207,0.007366736134185459,0.006746432325850172,0.018793937765787166,0.009013247521872105,0.014116483156525056,0.004988414113381048,0.009098821680597172,0.006475887470468996,0.005556713927330607,0.006854070103720337,0.003966787213593105,0.004752424806176375,0.006813663430273953,0.009056490046835924,0.0035389617329495684,0.010858427736518366,0.001658907723959868,0.0013729260706978842,0.005965686055579485,0.008367249807344062,0.0113104633714255,0.0031129541087183813,0.005812597025909467,0.005201687477836804,0.005382883453588198,0.008886695784103265,0.004194817981989087,0.001629189617368273,0.01468836185119771,0.0060058099206139
28,2001.0,127,0.015509871108483446,0.01159415895587402,0.0128329772767957,0.015352792250069724,0.04699199038340581,0.03290313879001147,0.002334807506546798,0.0040726238644843305,0.010691243538839124,0.007920322838708062,0.020239530255513186,0.012804870526871171,0.008516632386223126,0.005255288209725446,0.013035821576783862,0.02380744029939103,0.014850872731879848,0.0027773367069177093,0.004332992300973298,0.008793375945289516,0.01093071008817937,0.005392694679487939,0.013428618477854409,0.02024317456656244,0.007673386403110733,0.003968319498685161,0.014426550370913834,0.01041398004215509,0.004497335082645775,0.015140692955224647,0.014626654185121801,0.010685415073698457,0.011238877921784638,0.006866307739652275,0.026064606836692362,0.011358756102737472,0.008571034809823616,0.007544094651095487,0.016427075966273602,0.012693852587553683,0.015963248662023893,0.009166032523988595,0.02080169251003367,0.005034078828030245,0.031153401069786386,0.019985318468417588,0.012255914029334198,0.020380769558002797,0.007841179499794846,0.002583638233468926,0.009896090567290707,0.014718328365988161,0.025511007173195335,0.00554994560149826,0.0041628332326258555,0.006285554624824273,0.007572211138150572,0.01793658756628492,0.011680564717766377,0.013276964824539456,0.006830525379179589,0.00433566703085075,0.013134419156296472,0.0076020454118991675,0.0052722228022095054,0.007193760780339915,0.007196109927194486,0.01659728334609892,0.009372522288407036,0.014727999979410562,0.00311602913924072,0.009272244150472026,0.004310919683501778,0.0063699245834550975,0.006282096359433045,0.005123708146220478,0.0037037999438902917,0.00510206716056938,0.0052639660169784535,0.0032191715561508075,0.012126446386588184,0.0013191389548251676,0.0024699009872760145,0.0038235140697303375,0.007463634314619199,0.008142292332784193,0.004364654094388266,0.008793301952863455,0.0053928625822268735,0.001650964845702106,0.009836045405097537,0.0035820130324005443,0.0016691510046355088,0.01055385475716729,0.006220155750810392
29,2002.0,115,0.015492852338152978,0.00915710774259631,0.00905573258858628,0.014264027101694613,0.041219425205430336,0.030501478877263816,0.0029363643943991847,0.002663710613243138,0.008969495539395455,0.010325727282711908,0.019020047295615707,0.009277020835058696,0.00919278536037444,0.006803705418536029,0.013431137324923318,0.021380658865063955,0.014406157829483688,0.002957528355244444,0.007965894208972051,0.007930914403731662,0.010604599949280416,0.005755860930305444,0.011536355467476778,0.019060139256687696,0.007914633128094564,0.004263621576229689,0.01757406192880562,0.010921143186213839,0.0035401970555838883,0.014360776675891211,0.01071559150376094,0.007816279797158656,0.013274283600106426,0.00702025087584131,0.0332976296179286,0.011612467742745557,0.009380135122046131,0.009478222178526775,0.013884722725187197,0.0092861410918174,0.022304194389358083,0.006685930290739762,0.02209177105814968,0.00647861201974999,0.021832301018869984,0.019982843155487713,0.011300003627706544,0.01881497917942231,0.0102133045389109,0.004713054396857385,0.009991864909349196,0.015619910159119413,0.0263074889605329,0.009312173719920928,0.003703758155903748,0.009508690998582668,0.007454311490566441,0.01729173615799356,0.01004324393651805,0.01701170276200829,0.0059277601363370335,0.0026044553767565646,0.008857619813972479,0.008376233687683629,0.0072415541354216035,0.008628286263562386,0.006765889136511976,0.01688132807421656,0.011015540923652586,0.013143141106807747,0.003177532662999236,0.007909972344714813,0.005711899617023925,0.004530441845231712,0.007678938434340202,0.005056876958379503,0.004253595425176664,0.00774618571104225,0.007957076790030514,0.0050570901075201935,0.01239000744256416,0.0015989225528842308,0.0016251200397280632,0.005922976742317574,0.007549138532880493,0.008697857819443294,0.005356940999679752,0.006950629827289374,0.006293590835539177,0.002212337019777355,0.008506971797209831,0.0057713580768868,0.0019694824027186105,0.013993592399226155,0.00372889504455795
30,2003.0,145,0.015018594993131454,0.009471830614081274,0.010573586593324278,0.014885819184183783,0.03927167567156037,0.03197531501779918,0.0028421083477694806,0.0034224084084413828,0.013081809073317727,0.006936802728762139,0.01870329797843456,0.011325011688138565,0.010691549985539546,0.007765883322498232,0.014123517517695144,0.023354904203200896,0.01004945756852049,0.0031140677778050702,0.005149096912292423,0.008326005196130639,0.009073291558168545,0.006098703537867699,0.013033903253365765,0.01917821014826683,0.00772448826481131,0.0048054791598860745,0.018082079940032424,0.013084690863674161,0.0043043731203103765,0.014492525540862344,0.010403864302691522,0.010495427507795549,0.008332721275056047,0.0076724429164078895,0.02800508976029927,0.010892642772987463,0.011789286458773276,0.009264800493598683,0.014250277850007322,0.01258118474426441,0.018677718199320698,0.007511571401641444,0.020627694257674075,0.006046629655843596,0.023341142496582704,0.020075144621055755,0.012653135382560297,0.018850998092545,0.009013740580124255,0.004899451272065929,0.010408101343175914,0.012680272624315798,0.02666294797466874,0.0059277268731988035,0.002166707560897989,0.007962800756380412,0.009471814592773114,0.01624988668624815,0.010876847577428855,0.01727613744879839,0.006822968129093189,0.005702192993987444,0.011015559303112873,0.007212138141471827,0.008080181028891454,0.009967634707408688,0.0063659129157563376,0.01959383840494011,0.007488648680321011,0.014160272355641186,0.002967765464266801,0.010482382564543303,0.005461453374236584,0.005254640644514703,0.008712928267893992,0.004451314061429116,0.00432828512606107,0.004708064361466641,0.004242318147103508,0.004383484218044408,0.0131661735309024,0.001663042578793224,0.002236774902224454,0.004629055651969146,0.004961346847015499,0.009673814312076342,0.0063630257033627825,0.0084221777418721,0.006385174235997121,0.0015979969817453926,0.007326348480183908,0.007307083308659431,0.0030881558030777666,0.012437661737833769,0.00431148964504691
31,2004.0,146,0.016860796080244263,0.00722481561310697,0.010879879526322566,0.012715148017350167,0.0423492271334788,0.028186871773896685,0.0032158801901037357,0.0030036657872735215,0.009195730632337373,0.005287506958768715,0.02281275054282292,0.011405229387917085,0.007920924853869986,0.00785088266606098,0.01317043042375755,0.02207971707529573,0.01084836086711144,0.002583073376479106,0.004804236457383159,0.009197569948936618,0.010782189608507419,0.007499983785330649,0.01625336358847233,0.01973298261939958,0.007799817257298519,0.004828804897070717,0.016083623621341095,0.010896604468367328,0.003222754064758873,0.014132284382556103,0.010586916484844817,0.010201772613569015,0.009975954720229972,0.007130357699282279,0.029218201575317702,0.011375922613487396,0.009236150819213052,0.007539499027487627,0.011208955460225123,0.012645175514783396,0.018529668843489618,0.010875607387108336,0.02123012382299658,0.006352237941254357,0.023284444216213795,0.017619513719868193,0.012583153241113398,0.015941300019250648,0.007731631451133064,0.004952841009450616,0.010887161438115573,0.015670810724853174,0.03251584975096879,0.006145618877848173,0.0033919298198523407,0.006675301504087985,0.00725561912284034,0.01947798212295691,0.013252232697109586,0.014481397548441001,0.006783002396664909,0.006582702480684604,0.010801463138561108,0.008414856899856384,0.007278451302473035,0.007345256799995089,0.00457187657567491,0.016676821816581346,0.008525706831343452,0.012871609638939973,0.0034664197683443704,0.009951051066707253,0.005921047285617331,0.006623703568897077,0.008448796102044074,0.006078548593240865,0.0038310310288338727,0.005327303936267634,0.0068163629457166355,0.004634457302148476,0.01414710283847476,0.001783193312774998,0.002337743368087017,0.005288972771194211,0.009650598739466143,0.009905551908228163,0.004029151155447314,0.0075589620268098606,0.004915722892611016,0.0037998758923804173,0.007069985014629259,0.006545535677006012,0.003972367272920499,0.01083766114219633,0.00640866911616679
32,2005.0,145,0.018263703953118642,0.008506065015623631,0.011906417263708639,0.013145673254339676,0.041703639685029804,0.030009432772147883,0.0022583834918091877,0.004397713907570806,0.009610888209574777,0.0054564649267668025,0.02172734010943822,0.013818268553186987,0.009940795446631774,0.00793944233870802,0.012757378476356551,0.022041905269773066,0.011644172398595212,0.00317500081012136,0.005912184062260458,0.007573072708072303,0.010997971265578105,0.007137351536475129,0.0107444116816094,0.021950281954947214,0.007645078056853597,0.006028755802760256,0.016454862578345365,0.010472674676650374,0.003689193999141985,0.013837418515785634,0.01010149311812287,0.011346853785293369,0.008924073623479252,0.008245261338332917,0.02901789708775891,0.011852278706226994,0.011088096878977265,0.011287266651761187,0.01307659006203038,0.01369268007275191,0.016581362953946164,0.009029439313264335,0.017906879869433345,0.008779794671472127,0.024481535225268407,0.017703776848165532,0.010145305923868028,0.02132696387488336,0.009230696727825416,0.0021879083701479727,0.010633580962051274,0.015611283936481377,0.025345565870775747,0.006716309997415521,0.0029328021504902127,0.008120048228770169,0.008744042108856624,0.018694898171997435,0.008584225150925927,0.017459871600248773,0.006675504568098147,0.005728186526284866,0.010886001929631567,0.007346600579875883,0.006648303854758842,0.00845402918989931,0.007726710478008545,0.01746885376302023,0.007709852370484246,0.012772345314134499,0.0037289540479327,0.010705917930394196,0.0052754510096671954,0.00526104308393896,0.006625812280258991,0.004666343481586977,0.003279919469395374,0.006664789630361579,0.004480236023659558,0.004766908990731113,0.013222830047960698,0.002613705229788975,0.002059281109818612,0.004153167408320282,0.006724817418997582,0.00862597066502123,0.004966563795514838,0.007648287004500415,0.005724009154479294,0.0018241577321197577,0.008286297035696551,0.008817009384582415,0.003356611025686798,0.01141229131656035,0.004098511146823834
33,2006.0,144,0.01953683185650766,0.011062090427264921,0.010950348158230785,0.014470908360673971,0.03687342578764223,0.030279033162341516,0.0023805561802209296,0.0025974653965147843,0.008618427700517357,0.0068867858136388675,0.02010758402686789,0.01335629440898706,0.00923376132172778,0.012205846974628422,0.012160410649523761,0.020390005776598153,0.013745726250106036,0.005199344678016717,0.006091801464785804,0.008534623714834225,0.01126714864113932,0.006533274972069871,0.012630011969875649,0.02140067150199069,0.009669445463334899,0.004909157652613664,0.016761781440913136,0.009281714503382783,0.004049623324239502,0.01784955219163021,0.009978898640652297,0.010412768420608428,0.011413133860488358,0.006445250488502506,0.030094015392930988,0.010277088068737693,0.01024326540678243,0.008729135963967244,0.013416512401923458,0.013519279972573761,0.01742565634917103,0.008328734703404575,0.017170876802594152,0.006983237637708405,0.024444202650759375,0.017443675184844843,0.012815543595322379,0.020884647970777347,0.01063689897694112,0.0023922959942376796,0.010096517345699392,0.014902171958665528,0.022458356068734642,0.006967146866789342,0.004402523607747566,0.007990981985086652,0.009579833861096055,0.016896180233803695,0.010084937522477763,0.014312472780233529,0.008111264437462639,0.007646929340492637,0.008679622426299527,0.00775854396941655,0.005368685716859829,0.00853118938993452,0.007336084818077387,0.01732281837899128,0.007341996321809717,0.013876791404868449,0.0020599506636064975,0.009450817262501672,0.005192294676359547,0.004369050144583214,0.006407008404243938,0.0045536673283947246,0.0034059435571231725,0.008595395596668885,0.005664931470555915,0.00501588576932198,0.012397996327184987,0.00202182086783285,0.00102260749861868,0.005468362216894565,0.002997461592230715,0.01115426802592009,0.005571732910474673,0.007249093134224816,0.004776276797802132,0.002158075870564148,0.009005736164711977,0.0065251643306103065,0.006523225495518926,0.011487355740526504,0.005172057465229573
34,2007.0,159,0.015007974802369551,0.009521382447898541,0.011128870187708143,0.014181353894525274,0.04206390395671326,0.03191912453079611,0.0034483702296010128,0.0026352329913798553,0.009866998241014164,0.004809949649487859,0.018706672327303508,0.01245157664617347,0.008039223368874245,0.011822859403036099,0.012783745025359554,0.01989449351413971,0.01822350407759419,0.005163165674972901,0.005921832115243772,0.0079889616068519,0.011766224982457298,0.006352834314839506,0.0131669164944672,0.017375491452696273,0.00901827268210681,0.005189681336715663,0.013675165369068704,0.009446543706305868,0.0024584187593729274,0.015892378206206946,0.009551225824767145,0.009394680899196968,0.011985646266081219,0.006329346655646357,0.025214011776532083,0.008823420229623761,0.009229435509382499,0.008246557830100169,0.01214488675103732,0.010846674728340312,0.01741355535208898,0.00987638956975594,0.01826827653715504,0.004442928133874164,0.024002997842919083,0.016758708260811835,0.013090428067349719,0.02598715267021919,0.009631346114739396,0.004047753367791708,0.007885006166028259,0.017994962575163486,0.030349689446538375,0.006552478526343174,0.004541085844432624,0.006731843298704753,0.007625920805983879,0.0206335156674317,0.010841457240247666,0.01833801148830204,0.006348364034885404,0.005090673395152028,0.010130015039358913,0.008130233442374346,0.00833684803390523,0.008386004901707057,0.009865066024428593,0.016071757806920547,0.009936551618839917,0.011090982698832921,0.004459659408745821,0.010147416013765662,0.005409187302704375,0.004540152218350034,0.005476668992115972,0.004839926846732653,0.004054009940705939,0.006706479180953156,0.005779994674305184,0.004323367770775566,0.014529523540134278,0.0028626363193640088,0.0037621442110939915,0.004192713643877329,0.0042054916921620234,0.007823707377256257,0.004429100279599765,0.006512106557128804,0.005157681052760933,0.002050784381627663,0.008992702688274791,0.006856529416328417,0.0025183849849642007,0.01596466534316361,0.004317953724833519
35,2008.0,172,0.015637299052261747,0.011766964557480043,0.014309580735308336,0.015266602165960604,0.04490890650883378,0.029536279307639565,0.0023449397105254374,0.004029243808735637,0.008160936052220888,0.007551032140424777,0.020253747080360113,0.016196385536460377,0.008952933352935916,0.01177376749247791,0.011628869061107414,0.0184018245394841,0.01660295978395694,0.008459316516869854,0.005954358610724806,0.009141587080413419,0.011447099953069582,0.006554514680634956,0.01096117536818061,0.017699291560086965,0.007060642777907291,0.004259095786108632,0.013483192872581885,0.01002199470435267,0.002837226246563399,0.017206880851228,0.012936090686410983,0.012017326068244709,0.013307005968889054,0.00816605022218783,0.025435407349543804,0.010721927834843041,0.011883762300356737,0.009777111810227716,0.012979471520846785,0.010988457038211498,0.017779920973444965,0.009492461989256238,0.0185698586103892,0.0045130504121783915,0.035521222212906337,0.0160279362528442,0.014633945110963085,0.0265082826568401,0.008503377860934904,0.001971041918184249,0.010375636534078676,0.015847972905278715,0.022342042849404668,0.005279533608306112,0.004906084103212342,0.007027472838964684,0.007013260802587111,0.01615375030969692,0.009026880577518883,0.011999049279232453,0.006704947771606166,0.005467956242048321,0.00880573164467371,0.006572521445968264,0.0057473454987675004,0.006704344928453935,0.008790070406368611,0.01585451980823787,0.00796401377256336,0.013873239511636104,0.004885850593290161,0.009682283847627003,0.004280199621173934,0.0052956488086886135,0.005903125615346331,0.003746745969235193,0.0030615510858754227,0.0075446315957737745,0.006368129778662891,0.004730396729118452,0.012280937359544804,0.0019097623388377126,0.0016407034671861932,0.0043942200662865855,0.005882532035282583,0.00693304410210088,0.003280727645821408,0.007439396124546456,0.004459821357581135,0.0033067826487272376,0.009945769792269332,0.005037195351287807,0.0022761370741120066,0.011092522837587776,0.004023152622830539
36,2009.0,241,0.016826171450912655,0.008768184334323002,0.012465904837286839,0.011737616095115928,0.044652750672040616,0.0318544272179759,0.002197659788987365,0.006032731629946291,0.010787553400388788,0.00806781542266312,0.0208359466931786,0.014005860408582059,0.009009168966508335,0.009146843476578062,0.011773617314280935,0.019020442266417487,0.012802122001102804,0.0039865401674974025,0.005862649280857415,0.008195926767020509,0.014337505218970443,0.005487460101443607,0.011885973304292955,0.017036909389014702,0.007056075533873481,0.004605844688672933,0.01237089839355743,0.00941699548926321,0.0031244919770348693,0.013526832806479342,0.009367011823651981,0.01130583233481708,0.012308871678891846,0.008239669227523196,0.02408134782380065,0.009141919599590658,0.012848632921571387,0.008924967812552942,0.014098122964901852,0.011015036304708676,0.020307707646101156,0.005745994620272825,0.018489605598821214,0.005623195853273896,0.034959991702650024,0.019246949081254346,0.01428765728395762,0.02551411650317049,0.007614493731785386,0.0038359307088771627,0.01104961828764182,0.016272508435821315,0.02266659114517978,0.006825518984383513,0.004036242978532653,0.008381114323989162,0.009063930515434854,0.01332594942413406,0.011692981083772343,0.01556082583265648,0.0071795148221537085,0.005461754396615998,0.010070045075245886,0.0063885542366426545,0.006358246508731716,0.010494450884776685,0.008407352020965073,0.01596441425265455,0.009857183490851656,0.01289736617106405,0.005156301297485108,0.010133619658461778,0.004596173174665242,0.005739115156102936,0.006816158620461974,0.003613137652506201,0.0035169035579944215,0.007173029433791735,0.00651188596438536,0.0038201115962495516,0.010251099556174807,0.003254025901837715,0.0022690657718865523,0.004642269031008166,0.005033459556677972,0.007759668665257135,0.0042181643023042545,0.0068282463689173425,0.005826832392118373,0.0027292439051556125,0.00883510678457555,0.005516040732637816,0.0022514067835732936,0.012437873335362767,0.00528092361271712
37,2010.0,227,0.014945987824474576,0.00973886332766005,0.01029181562537494,0.014023355155466108,0.04763195118122202,0.027842317156897504,0.003069586636499138,0.0035718414469613794,0.011000492824746409,0.007629572168871941,0.020267502565798262,0.011022222310430168,0.009375759469428212,0.011573337932550882,0.014794116794131645,0.021343578255603162,0.009456825446927825,0.004514887196059764,0.0065347716446215245,0.00746813423789467,0.012746541958728583,0.0065126160089158305,0.014540687652985464,0.022605209153475928,0.008361060754591648,0.005816182136820955,0.01194893007622731,0.012986512207914865,0.00471038388744921,0.015321369232144619,0.012165511517457955,0.009746403732029769,0.012374474024441353,0.007882875088590027,0.027969332825374837,0.011220922526037689,0.01214098756329528,0.009898848482070502,0.013357561832370387,0.011350144198332806,0.018710212351939245,0.006720624671068285,0.018499206048398845,0.005087683987731004,0.028222015035095915,0.019483529509903917,0.014744971192018133,0.023186746128678524,0.008859892350850477,0.00327795360918903,0.012620124278213593,0.0127277570381156,0.02281484801874362,0.005055318780745603,0.0031209737532976196,0.005473328346120934,0.008516655085072627,0.012476265411698755,0.009294804395073186,0.012101548381885652,0.005880397953962277,0.006555844047347763,0.00930217888625171,0.007735250078534776,0.0069113183443478814,0.008718448202078217,0.009174403052408993,0.01697828477160278,0.007949217512052482,0.013429647864385781,0.0030225317396070416,0.009279609785439246,0.004856627392135992,0.005058607514797041,0.008299209054279647,0.004038156013637375,0.003147011373261998,0.007561786282551571,0.007026489237801009,0.004002285289056114,0.013192373824962116,0.001786743165044818,0.002967175154523256,0.005968951203788076,0.004108883577845307,0.008593660680209425,0.003931356121089931,0.007586951951533762,0.005791862025739021,0.001974658902437306,0.0073583209435972,0.00681597685639851,0.003546351288690474,0.012084788825059268,0.004616708648824111
38,2011.0,229,0.014850892483348897,0.008955693265582964,0.01011119616655625,0.013662678336142157,0.04175636623031091,0.03163692806500268,0.0018882518694101342,0.002431194937370327,0.011966016277092538,0.006099590354840601,0.020798906615497773,0.01310057426717625,0.009929687039249558,0.009648963981801817,0.012204536207498435,0.019016708006273964,0.010991436170144328,0.005636525592070496,0.005260214973457494,0.008196470663600047,0.0118007277519271,0.0067840751488029314,0.013070949872256848,0.019162466776842645,0.009037336944646316,0.004518239730551376,0.012015537484468495,0.010968738084810834,0.0028559799007215627,0.013817778774831861,0.011881270304178165,0.009976750556770494,0.01395647887431766,0.009837205674001356,0.025980405599719005,0.009777190020441424,0.009551965936810061,0.007855787624155031,0.015666101804328047,0.011904989897121725,0.01863281459094644,0.006518056549348887,0.019051604472719908,0.00396220269112305,0.032466762676736025,0.017922508858869104,0.012359751730987847,0.022035073908342504,0.008477621506541059,0.004598761288948797,0.01066005080840396,0.020691552942598546,0.022744219828606357,0.006215865105038255,0.004068299396786116,0.00784617530045553,0.008676586947427251,0.014922409283509016,0.012882742412493781,0.015250299943705277,0.00690337968538453,0.006160757299443468,0.0082141679799309,0.007056994115067379,0.006923257409736668,0.011090787987057553,0.010165690049352746,0.01837619662625538,0.008549826216828331,0.01289663033361212,0.003983804223426909,0.011783574643946259,0.00470600533132988,0.006349810538597551,0.0063636785726986075,0.0037530120685212555,0.00393938550168712,0.006118256907730271,0.006013392856412682,0.0042929413026239135,0.012354940167550111,0.0021619919722284543,0.0019716491567107063,0.004979689132648937,0.0021508238062693794,0.009187303635879777,0.004490993889282744,0.005903848386413205,0.00582714234174433,0.0026589853811584355,0.00926679289869114,0.006093301107590459,0.002567078362797592,0.013157958153825044,0.005039783449845888
39,2012.0,257,0.015893320433284983,0.009111512684252854,0.011754865263538514,0.013084902936620447,0.041953047153131195,0.03622877679468678,0.00355394736767194,0.0035810050194119724,0.01065826987964132,0.005794924885023483,0.02152456639458566,0.01311379199882306,0.009719966066366248,0.008783964678181202,0.014041121526514322,0.02344585565038086,0.010379651674394917,0.004416060780991158,0.0049096749943444646,0.010203025699795455,0.01021716899128323,0.0068700064257655406,0.013219244551962878,0.020743583350279024,0.008311693711620875,0.005965878424711359,0.011715561235862041,0.014443661980369307,0.004463634769083847,0.015027646667203557,0.008941832495852597,0.012952371962885283,0.01047328925765094,0.010662644848551707,0.0266603352748756,0.012477544424360993,0.012099511912661506,0.009475626336265443,0.019353873107034198,0.011820708849221793,0.01889449313991131,0.006794717917371323,0.017779676845359214,0.0035257949286474706,0.029302704966980068,0.019729426491335588,0.01229525242729485,0.022636177056283808,0.00807073513308182,0.0033915329006852816,0.012222742157489185,0.014887578824322336,0.022946428180344626,0.00529943674524231,0.0024465175975948304,0.006663490680049765,0.0073103434988585425,0.015555482427260554,0.009469805504696923,0.014816632027762032,0.006187965745184802,0.005332160474689782,0.011082108504760555,0.006652768871395105,0.005687795399866733,0.008833530485738508,0.007399737864491839,0.01646063485144234,0.007102392162319345,0.014492980639529753,0.0028031196097540846,0.009388197096448564,0.004810678537415671,0.004133162075363226,0.008250390285952348,0.004655117818314521,0.0031760241934890476,0.007527949977818043,0.006275641679263392,0.004252418264338552,0.01250279112476556,0.00236475772257763,0.0036493829047288683,0.004169458212622701,0.0013980342011394686,0.008256996078101911,0.005158475049912305,0.005975399046334369,0.007167991771851443,0.0022490656204029024,0.009125442319688535,0.005685486901334131,0.0019339236167582963,0.010636485549602176,0.0031344954328871295
40,2013.0,270,0.015641026905058284,0.006452906404535541,0.009530464269516092,0.012370150695549826,0.0445943931194604,0.03096546389984401,0.0035539782414650465,0.004372707576497307,0.012333458689594255,0.005273820242742784,0.021879043818143942,0.01152072802599469,0.011668290257902917,0.00952372161476149,0.014186164413314826,0.027087127481935695,0.007259775363199972,0.0030724990187956107,0.004611959121171897,0.007261673686421139,0.010507949282450402,0.005921543824917255,0.012535630578712475,0.0211148585790654,0.007549585377851498,0.005556761678626538,0.01238947637876666,0.015433463736488679,0.0044344985002498635,0.011587267293810197,0.008263367930449347,0.011296382327824617,0.009337310810969193,0.010046852582879877,0.026795542009228766,0.00986077003348992,0.012886977910469766,0.009773140885959982,0.018581617180716346,0.01136318540379807,0.01806368589551549,0.007053995697501703,0.015432125439022962,0.0060319116809456775,0.038561494089875935,0.019450576502434775,0.01282149026744016,0.022523927815013743,0.011029438528349252,0.0029002183547524193,0.013039636013587961,0.01384595776294411,0.0202299854942913,0.004536337438729875,0.0026408183275543197,0.006638781905980536,0.008331260778357576,0.012682121961718801,0.00898007424382973,0.014173393036430879,0.007444037858984776,0.006568290079702508,0.011150508025525278,0.008503340691210448,0.006817965311524957,0.008167411412719197,0.009331668137602448,0.017148133170090597,0.007370801952451496,0.016176328483835645,0.003629774758281957,0.009546161758046746,0.005099638960955269,0.005262643655875689,0.008243339900489526,0.004772260509758531,0.002740866702056855,0.0059754953644614965,0.006025062138755992,0.003988878150610057,0.01198767815768464,0.0029184022830198303,0.0033814888819903334,0.004127015624700317,0.0033081313683372337,0.009764504455801468,0.004155968147852657,0.008024061385500755,0.008436366249017651,0.0027983392375648493,0.006542062833970069,0.006504087693750399,0.001994214114204835,0.010638759756290037,0.004093546400465872
41,2014.0,317,0.015444127037994618,0.008483377536162214,0.008750813085870682,0.010079841019510882,0.04087750556552905,0.03153583636180709,0.00342017265166027,0.003827913415753572,0.012327380574591665,0.006308811742755294,0.019815950317458753,0.013160558726791354,0.007967232718399225,0.011226898967270702,0.013313467274454238,0.02087129980910576,0.010478980649205863,0.004555755800283014,0.005867409289097134,0.008182983266765014,0.012205993228914773,0.006995805707422682,0.014749508973896201,0.018685634980246172,0.007311367672701507,0.005847941152865359,0.01210535197247092,0.01567264543278714,0.00556980792540229,0.011462153686697146,0.010753516690849525,0.009545231867099511,0.010571021366192816,0.010007898048980042,0.0239600468306417,0.010123410022100671,0.01268399639010865,0.009371290192327004,0.016282864502286394,0.009838392300484536,0.019542493318389705,0.006436880010852699,0.018277405265166448,0.004519401014329441,0.03559717553450605,0.01911817844190173,0.012985391111802445,0.022637384363771003,0.011574436210820214,0.0036238950818425477,0.013626284112916037,0.01795372068854213,0.022731676853278746,0.005214456549345792,0.002738795223098763,0.0064915070524056056,0.00699803249399533,0.012984590853690059,0.011356683070496134,0.014745641994938401,0.005383806449982361,0.010972499424535561,0.010121826873041192,0.006986486673572961,0.007467039391464963,0.008914338102974362,0.009215207785118563,0.016365124890504616,0.008867895406938723,0.012903829093363803,0.0045376252242417805,0.009110425165476046,0.004719888773647054,0.005493414641613118,0.008451407591540446,0.004176990178762447,0.003318117238163949,0.0073566905759241226,0.0060739128692469686,0.003975019520627866,0.011455232945255614,0.00323014408667061,0.0038149312696686456,0.004514099754075984,0.001647057460654075,0.007030949695512305,0.004700706002599057,0.006604798811085402,0.008049078581175489,0.0026525543034359687,0.007253919912567567,0.005013464763862613,0.0030823042533935866,0.013483696849780931,0.0036612914384887207
42,2015.0,392,0.01431575962742174,0.0073126016975106605,0.007852394099201333,0.008620481920018953,0.03913155131019526,0.03178113236276025,0.004139281833190932,0.00716093858983533,0.011032526586192106,0.0069456635905682,0.019273359514377628,0.01090049270211974,0.007704329198069105,0.011238087522221893,0.012805285593232811,0.022743851622667514,0.007205288596006977,0.0029044398945158195,0.004919995252094481,0.006476931485494383,0.01349244109692217,0.005300099337017129,0.014408302268158514,0.02043295898594655,0.006201717326736059,0.007452396919172759,0.00991943546237937,0.02006498915790931,0.005592894441382383,0.011056907959914158,0.012305705619163687,0.009338840928577575,0.011543847808143853,0.01451348932868208,0.024539651613372352,0.008638488161697506,0.012637356618387266,0.00918183403790982,0.018753391803944117,0.01130815876242089,0.019982756162006846,0.007364431373127127,0.016580002280969838,0.004829773489560017,0.04686827166996065,0.021121134888383457,0.014864207584021629,0.025063959023853673,0.010271213092012954,0.005834289735059251,0.013851783796173911,0.016437726406536457,0.019486113109814684,0.004795739462166429,0.002763448439570108,0.006361892846779253,0.008458348272543522,0.010686146731839558,0.011211470174972326,0.013687364340593536,0.005526818496287697,0.005178809271417003,0.011717593203265153,0.005988349906377478,0.007448566793430482,0.00781408283570438,0.006797078018409423,0.01612057940069764,0.0075001311348830745,0.012481558604068995,0.0030259510342171875,0.008684807722744405,0.004831286842658137,0.005049616715050128,0.009348593747615543,0.004945872023132794,0.0036135244652481706,0.006805699185245642,0.007027171243884732,0.0038011310179883575,0.008664459259631071,0.0024517748027104384,0.0073302378407428155,0.00512180404021193,0.0010230031984475624,0.008276827275015724,0.005355606915491825,0.0055697238578422984,0.008201344363329324,0.0023342207784145244,0.006841433090276679,0.005822444904528356,0.002105932929517142,0.011590057004954864,0.00393653456107946
43,2016.0,435,0.012133688872565425,0.007316813315448164,0.008718991664095276,0.008457904494358803,0.04256901852075602,0.031127508035502672,0.004150559206285461,0.004296055340719843,0.009750416692245507,0.0067892300509976595,0.016248121186714183,0.0105458602499817,0.008688346744151355,0.012713619868674942,0.013028131061807767,0.02491653390573251,0.009434515804987375,0.003611522473794562,0.00406109031516984,0.008199440825369888,0.01034288336944576,0.005266624878551707,0.013987908787459598,0.022001693700293444,0.005881837020648806,0.005432483352164197,0.010037581112072907,0.018568951041946932,0.004528763223355652,0.010090837341309005,0.011769428628481335,0.010724718098492361,0.008995347770115082,0.012660813750973065,0.023811270010310456,0.009304349545288646,0.012425147369422091,0.00895683248717996,0.021452677139199506,0.011280938156026337,0.019155081350914448,0.006528087106828701,0.01497681452268802,0.005483681249733625,0.04496286064874592,0.019844970346314317,0.01454548072021305,0.024166045758403285,0.011790910562531754,0.0038594352990658594,0.0120102823225772,0.016810024275287973,0.021513142805625402,0.004440389381103079,0.0023349701796416982,0.005669965696843072,0.00751070213403113,0.012837784804963332,0.01130624853643986,0.014802291430212132,0.007554634361033589,0.0066751341034036295,0.011668834256506,0.0067357385815309595,0.006328095556285191,0.007217654605851704,0.008008990037818239,0.01554338786808786,0.006383349543650776,0.014875609536478361,0.004727060551128025,0.009214050627171799,0.004248961024373366,0.005316802432494293,0.011109390260553749,0.0055130707970724455,0.0034250555878129045,0.006900685312822888,0.005444170181309907,0.003146182478030124,0.009933164174994957,0.002941267893171368,0.008200005356707965,0.004244126821447112,0.0018148631824786122,0.008603797761871333,0.005265989081052592,0.005812228453771093,0.008606755383802848,0.0021956487364068766,0.009023754512563327,0.005672347613504199,0.0036703940990628044,0.012251835233223794,0.002899339448263852
44,2017.0,447,0.012078373823671718,0.006677829256681419,0.008107426609405721,0.009226005215419277,0.03846393847769162,0.02991214907868152,0.004140183121702387,0.004234636309133449,0.01277056294823893,0.006173795608075761,0.01670633763986125,0.011370935643017175,0.009590305929628385,0.014651939283919889,0.012812728571360095,0.022095812143141595,0.008371080769593807,0.003510082907777461,0.004230221927422863,0.007197915115079039,0.012625042788955716,0.004808662874380231,0.01572637613690033,0.02071497493859459,0.006271857598125152,0.006598201223528246,0.009924016156805656,0.01838554807504619,0.005097976654903836,0.009487276974537946,0.012594193340967383,0.009878863144206341,0.013255665958883682,0.015349075341910606,0.024487218434042498,0.009480064255160793,0.012034832020814979,0.008952355327932312,0.0157421268271093,0.011699301164156536,0.020360486640702162,0.005879699228198336,0.01710591549059687,0.006052363000685668,0.055131155538085515,0.018119136510035414,0.012918297823322798,0.020791510490864643,0.008087357816325223,0.004605729028299734,0.010985564639493774,0.01486835554450467,0.020776216799594793,0.005291881751033295,0.0024035033955923405,0.005658605591655097,0.006055893766570194,0.013244089571224003,0.012493631744484509,0.014241467059422912,0.006251119831943942,0.007331782811527547,0.011228352569167295,0.006359200782813632,0.007602717040677325,0.007484708285738234,0.006542746909473352,0.016506201852266117,0.006428941171305626,0.014574020097910182,0.004668474518134838,0.008021367112612787,0.005274297032750914,0.0048410639483587765,0.010208165725525218,0.005137033152662186,0.004358461656571911,0.007125624882987241,0.007347586412066132,0.003706774069860142,0.00853465943136887,0.0018866640828168045,0.006765587669957943,0.004729787409678733,0.0015363011181921266,0.009450934223347054,0.004740991861129238,0.007124820029011169,0.008381056067637184,0.0025409531071245825,0.008178908604646724,0.006229950486680179,0.0033404307594409126,0.011287270328531987,0.0037662939089239673
45,2018.0,404,0.01339513097526249,0.007590218639548336,0.008545643702624273,0.008585628182974274,0.04060333739364871,0.0277321912595705,0.004859528585693098,0.005376934765879485,0.010458819356328496,0.006844061192813234,0.01988763323277324,0.0102334240578497,0.009019175196050487,0.015465330719129264,0.011989701467726514,0.021194995955984484,0.007350277494610615,0.003562723388912229,0.005698760885307982,0.00661934888435505,0.010700859672547794,0.0046665535141396566,0.017117497380359,0.02266813506360512,0.006339248276618646,0.00632241745434874,0.009461391062894583,0.021099977235015617,0.005318092851648876,0.008785184377926884,0.014281684281376852,0.011658497894888598,0.010025198964425412,0.01579431975885555,0.022443371071490446,0.008728368325887338,0.012849572767331553,0.009650704615239184,0.01867635970850823,0.012110902391359939,0.02062088588932951,0.007133418229879946,0.015244561850493435,0.0051434470047715805,0.052747630652841195,0.020814534271360628,0.01572265091815809,0.025312824587788933,0.009320292382444325,0.005262288204502729,0.009309205626357694,0.014535956769971953,0.01980966076086583,0.005471834057318654,0.0025278684699656987,0.005069363045120207,0.006911701583019256,0.011961670680746456,0.012067217093909946,0.014726543955743849,0.005888616469831472,0.0073189512871822005,0.011576730935144613,0.006401189612993384,0.005069750901977131,0.006299264705582922,0.008654917447318755,0.013763572563387345,0.006987968244007208,0.012958700356766247,0.004725540491838609,0.00700362558441787,0.005377789766547919,0.0042691327359409,0.00837364075526545,0.005188783590930516,0.0035401539111717577,0.006323125014438995,0.00604432928599758,0.0028363413464647428,0.008974871857224172,0.0029139825794083176,0.008215252601190244,0.0045848578129780455,0.0027323646230021075,0.007426693614795468,0.006537678318900551,0.006037113852975857,0.00971239543906872,0.0024372342730743465,0.006697432559448919,0.005630054270317472,0.0037522663704518634,0.010130928324553298,0.0021899904553030628
46,2019.0,362,0.01236583133836928,0.006775961081849716,0.010120875952017617,0.00911853765651912,0.04315553872823209,0.031817608165290064,0.0041041014479580385,0.006313705113168304,0.00871502527547542,0.007562615012941026,0.018212241573354764,0.00976721814749427,0.009773713376440167,0.015971003680087855,0.014432419872415496,0.023464328453645853,0.008486792003145506,0.003700536845247485,0.004589950144353286,0.0065456078216832945,0.010889856028924887,0.0047177305498716975,0.015195553474398979,0.019694761226781106,0.006758222750285117,0.006901590333300085,0.009906068349955744,0.01900612251856352,0.006461633729025386,0.00950212285169088,0.013051329755719763,0.011126652835851165,0.011204858218099764,0.015896354438937364,0.025619428136836764,0.008458234376003031,0.012019283087403907,0.010697345525828293,0.01965787714254011,0.01192450469913963,0.018786172301413682,0.006081863366071986,0.015659104165269347,0.0056164667765461525,0.04543323294250671,0.021605595616083002,0.012504885389261998,0.02434232174689054,0.007698303063755128,0.0030670547909024525,0.012201415163933908,0.015984305716389324,0.021835753527364034,0.0073464016010597296,0.001599697843214774,0.005478123107007088,0.007438439428938283,0.009477824239255844,0.01187331912031139,0.015640823764511435,0.006540858304938743,0.004950336175735533,0.012828397506536308,0.004816770065873243,0.006094031591045944,0.00878805514954107,0.005144881273415928,0.010531416331785445,0.00612076937022822,0.012517895263375796,0.004760272059608737,0.010312158597068187,0.003368740150773851,0.004856574167782978,0.00913367296754649,0.005147647842018705,0.0031549218656433294,0.006498019127820492,0.005181649585696022,0.00332278168924207,0.009125634909367672,0.0031239814337659672,0.008760184523221706,0.004249414340269552,0.0024599453084692057,0.007913737237375505,0.00573863893607104,0.006544071177881309,0.008084045452307263,0.002039548471496358,0.007986877259060757,0.007819469246663355,0.0034138196020021628,0.011919405908865742,0.003397131717971165
47,2020.0,283,0.016353839964556274,0.007876466097514561,0.009686957792254515,0.008513713042615242,0.03539807806167246,0.029234658904846784,0.003312828521545675,0.004985148513512268,0.0076336226487437354,0.006988026902933416,0.02024075429542979,0.01223013990251669,0.009008916844866233,0.015107652610671478,0.013112055092383588,0.02425084888487322,0.010158672865217629,0.004430778275142385,0.005295238281651391,0.005923449040792187,0.012754835603788936,0.005502819122465822,0.01803008713352984,0.02084456267024838,0.005803713615805036,0.005419010030612594,0.011455171785138437,0.020093865497009474,0.004977417429878577,0.010222954354506252,0.013258993460103277,0.008418906590707962,0.0090286475804452,0.013890403985307921,0.02227047087141774,0.009700462558835788,0.014730624717053801,0.009906323349366444,0.018167975839747014,0.00884625494934924,0.01892528498124884,0.0064493347973688135,0.016670076921820254,0.003765105041812119,0.06839483596296825,0.021407308736782267,0.01727727649220849,0.023613459551668433,0.007125267517484673,0.004282676002771423,0.009534653142320432,0.013738237505845555,0.02125891248142332,0.004185651855729941,0.0019428844772354228,0.005566174765522892,0.006397715128501505,0.010557017314468157,0.013087285626594735,0.01292467983528097,0.006719155784635053,0.007497905110779741,0.012709208268221405,0.006919533485344693,0.004528677195648856,0.007126610845081855,0.006307767359326461,0.010966368388622192,0.006503993123700623,0.014275895980008425,0.005751092379573632,0.006223161213291921,0.004612507809811586,0.0034009997194009134,0.00801448917703563,0.005393408909243622,0.004644894538234334,0.008503330508290063,0.0046782550866772046,0.0026828576810487325,0.009865614124101932,0.0013802674165147135,0.009442378857671185,0.0038803834921994854,0.0021871392402921692,0.004978433381474512,0.007210536428058156,0.00614273060979093,0.009889109807168601,0.002175696069035688,0.006417620405986969,0.004568911377729477,0.0035983953088919505,0.008611038475299839,0.002022446613692101
48,2021.0,254,0.014904486431300951,0.007679952148741736,0.00699206520314723,0.009096157376904121,0.04026563228505573,0.029300628646305664,0.0031588412962195154,0.004353807749589103,0.00786475992919921,0.0072325664752706026,0.01632635034285346,0.010628693255140199,0.007329174710720561,0.020163541739328546,0.014170403182122666,0.020593378124292776,0.009321196727581645,0.0031456164536824865,0.005179708419364668,0.006040177009648025,0.012842683117675807,0.0052389232983430555,0.015751328450629588,0.0195842948036975,0.005795674062687522,0.006173166146309026,0.0121771808765034,0.015856287018193308,0.003867248310480888,0.010640776031917586,0.013975046750829967,0.012267206530154466,0.011470728433367501,0.014671318466034353,0.025124080985150676,0.007965058669338396,0.012920735709333534,0.009820253145854255,0.022560611050601462,0.008936173483716524,0.01775376494231807,0.006193074735493557,0.020775760416310077,0.005857187540625609,0.06940330062387888,0.02180594953858328,0.014944898891132178,0.02732774693540847,0.0072674970389453595,0.00623158668232938,0.011548471974887052,0.014666277569562304,0.022223863129098673,0.007061477202565845,0.0026727598483327064,0.005581280531107415,0.0047969818219675015,0.013576364661922809,0.010042637828205875,0.01486102241993226,0.005771011158680014,0.008271790490050425,0.009647976698646355,0.0051124899113058645,0.0045807969876119365,0.0056256008813465284,0.0056899819624706026,0.012241169963792327,0.005857745522824453,0.01033695280479648,0.0031491658959167694,0.007114113992338014,0.005381059307987002,0.004746081330978176,0.00985851959133838,0.0042862620124646585,0.004032216242737459,0.007351394654539173,0.004392467698290399,0.0044202243371324,0.008495124266855617,0.0017782223992639213,0.009497509064108473,0.004322841592778987,0.003031137368495309,0.0055595241430515365,0.004481597039152663,0.005404912245065414,0.006203873854317207,0.001956057007075039,0.007599401703434123,0.0045478895775668115,0.0023072312527155207,0.009119353464119004,0.0018504863968566627
